24ccc40f-ccf0-450b-a081-4cd37fc07e6b,kcns1,88.128,219,12,7,39,246,1,216,4.02e-73,259
24ccc40f-ccf0-450b-a081-4cd37fc07e6b,kcns1,83.562,219,22,8,39,246,1,216,1.83e-58,210
da70cd5e-a66e-4265-ada4-6f21b2177867,kcns1,93.519,216,8,5,50,259,1,216,2.68e-88,309
da70cd5e-a66e-4265-ada4-6f21b2177867,kcns1,82.870,216,31,5,50,259,1,216,2.35e-57,206
da70cd5e-a66e-4265-ada4-6f21b2177867,hsp4,89.474,19,2,0,167,185,89,107,0.005,26.5
f1c51ce0-8edc-4211-90c6-f319501d6fe8,hsp4,86.747,166,7,9,129,286,28,186,1.50e-47,174
f1c51ce0-8edc-4211-90c6-f319501d6fe8,hsp4,86.145,166,8,9,129,286,28,186,6.38e-46,168
ac17a512-11ce-41c7-9993-b2feb3632b6c,hsp4,88.679,159,11,5,118,269,28,186,1.84e-52,190
ac17a512-11ce-41c7-9993-b2feb3632b6c,hsp4,95.652,23,1,0,66,88,3,25,2.57e-06,37.4
ac17a512-11ce-41c7-9993-b2feb3632b6c,hsp4,85.535,159,16,5,118,269,28,186,2.10e-45,167
ac17a512-11ce-41c7-9993-b2feb3632b6c,hsp4,100.000,23,0,0,66,88,3,25,6.04e-08,42.8
102e67a4-07c5-423d-b274-d596405d9acd,hsp4,96.226,159,2,3,118,272,28,186,2.31e-70,250
102e67a4-07c5-423d-b274-d596405d9acd,hsp4,93.711,159,6,3,118,272,28,186,6.20e-65,232
102e67a4-07c5-423d-b274-d596405d9acd,hsp4,100.000,13,0,0,55,67,1,13,0.017,24.7
a5e2699e-ded1-423e-9c64-2c5ce96f97ff,kcns1,79.803,203,33,7,51,248,1,200,1.04e-42,158
a5e2699e-ded1-423e-9c64-2c5ce96f97ff,kcns1,77.679,112,19,5,51,158,1,110,3.39e-17,73.4
a5e2699e-ded1-423e-9c64-2c5ce96f97ff,kcns1,95.238,21,1,0,228,248,180,200,2.98e-05,33.7
9d10e533-de41-4d48-add5-88241365093d,kcns1,79.545,220,32,9,37,247,216,1,6.87e-45,165
9d10e533-de41-4d48-add5-88241365093d,kcns1,70.000,220,53,9,37,247,216,1,1.16e-16,71.6
9d10e533-de41-4d48-add5-88241365093d,gm7,92.857,14,1,0,194,207,137,124,0.18,21.1
b3a9191b-4467-4b82-aa5c-1e484f82f93c,gm7,84.541,207,21,9,40,240,202,1,3.22e-55,199
b3a9191b-4467-4b82-aa5c-1e484f82f93c,gm7,84.058,207,22,9,40,240,202,1,1.37e-53,194
be776191-618b-4653-9b61-2394492f1d72,hsp4,91.304,161,6,7,132,287,29,186,3.09e-56,203
be776191-618b-4653-9b61-2394492f1d72,hsp4,90.062,161,8,7,132,287,29,186,1.60e-53,194
fd6079fb-8403-40d4-99ad-880edfdcc76b,hsp4,91.304,161,5,6,124,277,28,186,7.07e-58,208
fd6079fb-8403-40d4-99ad-880edfdcc76b,hsp4,93.333,30,1,1,58,86,1,30,6.21e-08,42.8
fd6079fb-8403-40d4-99ad-880edfdcc76b,hsp4,87.578,161,11,5,124,277,28,186,2.31e-51,187
fd6079fb-8403-40d4-99ad-880edfdcc76b,kcns1,100.000,11,0,0,311,321,160,150,0.20,21.1
fd6079fb-8403-40d4-99ad-880edfdcc76b,kcns1,100.000,11,0,0,311,321,160,150,0.20,21.1
bd9b837a-0f50-4a75-bc5e-9319e6c0c687,gm7,82.039,206,26,9,39,234,1,205,1.26e-47,174
bd9b837a-0f50-4a75-bc5e-9319e6c0c687,gm7,81.643,207,25,10,39,234,1,205,5.36e-46,168
9779402b-8209-4988-bb59-a3f2382b2277,hsp4,85.714,175,16,5,96,263,14,186,6.33e-52,188
9779402b-8209-4988-bb59-a3f2382b2277,hsp4,100.000,28,0,0,53,80,3,30,1.15e-10,51.8
9779402b-8209-4988-bb59-a3f2382b2277,hsp4,84.659,176,16,6,96,263,14,186,3.28e-49,179
5f80f29c-8ba4-44d4-95af-430a4bd6f2cd,kcns1,90.047,211,14,5,44,248,1,210,2.12e-76,269
5f80f29c-8ba4-44d4-95af-430a4bd6f2cd,kcns1,81.991,211,31,5,44,248,1,210,1.34e-53,194
5f80f29c-8ba4-44d4-95af-430a4bd6f2cd,hsp4,90.000,20,2,0,162,181,88,107,0.001,28.3
5f80f29c-8ba4-44d4-95af-430a4bd6f2cd,gm7,94.118,17,1,0,82,98,122,138,0.004,26.5
5f80f29c-8ba4-44d4-95af-430a4bd6f2cd,gm7,78.125,32,5,1,82,111,122,153,0.014,24.7
264b4c7a-691f-4e41-92ab-daa58789d385,kcns1,87.727,220,18,7,40,254,216,1,6.18e-71,251
264b4c7a-691f-4e41-92ab-daa58789d385,kcns1,84.234,222,22,9,40,254,216,1,1.55e-59,214
264b4c7a-691f-4e41-92ab-daa58789d385,gm7,89.474,19,2,0,197,215,138,120,0.004,26.5
e0a9d26d-17d1-43e3-8b40-fd7e9d248926,hsp4,73.248,157,25,12,44,193,182,36,9.07e-12,55.4
e0a9d26d-17d1-43e3-8b40-fd7e9d248926,hsp4,70.968,155,32,10,44,193,182,36,1.64e-08,44.6
e0a9d26d-17d1-43e3-8b40-fd7e9d248926,hsp4,96.154,26,1,0,235,260,26,1,5.72e-08,42.8
b9605532-03e8-4fc5-af08-637d1a0e2a8e,kcns1,77.934,213,22,11,63,252,1,211,6.41e-39,145
b9605532-03e8-4fc5-af08-637d1a0e2a8e,kcns1,73.953,215,27,12,63,252,1,211,1.61e-27,107
b9605532-03e8-4fc5-af08-637d1a0e2a8e,hsp4,100.000,12,0,0,172,183,96,107,0.053,22.9
a8c0a78c-0d72-4400-a888-9f22ba896889,kcns1,84.956,226,23,8,45,269,1,216,7.36e-64,228
a8c0a78c-0d72-4400-a888-9f22ba896889,kcns1,83.628,226,26,8,45,269,1,216,4.64e-60,215
a8c0a78c-0d72-4400-a888-9f22ba896889,hsp4,100.000,12,0,0,179,190,96,107,0.057,22.9
88284a3a-edc8-433f-9904-1ec244b68091,kcns1,84.475,219,25,7,40,252,1,216,3.63e-61,219
88284a3a-edc8-433f-9904-1ec244b68091,kcns1,80.734,218,35,6,40,252,1,216,2.61e-50,183
88284a3a-edc8-433f-9904-1ec244b68091,gm7,89.474,19,2,0,77,95,120,138,0.004,26.5
edc58af7-e775-4a5a-a997-c40459316beb,kcns1,84.977,213,20,8,45,252,216,11,4.46e-60,215
edc58af7-e775-4a5a-a997-c40459316beb,kcns1,80.365,219,30,9,45,257,216,5,4.77e-47,172
2de77c63-10f9-4db1-ae57-239f7424ba44,kcns1,91.480,223,7,8,39,256,216,1,7.04e-83,291
2de77c63-10f9-4db1-ae57-239f7424ba44,kcns1,86.036,222,21,7,39,256,216,1,3.90e-67,239
2de77c63-10f9-4db1-ae57-239f7424ba44,gm7,100.000,12,0,0,205,216,134,123,0.054,22.9
2de77c63-10f9-4db1-ae57-239f7424ba44,gm7,100.000,12,0,0,210,221,144,133,0.054,22.9
8b57cede-38ad-4684-9d61-0d3bb9c3bc18,kcns1,89.815,216,11,6,45,251,3,216,1.84e-77,273
8b57cede-38ad-4684-9d61-0d3bb9c3bc18,kcns1,82.870,216,26,6,45,251,3,216,2.24e-57,206
8b57cede-38ad-4684-9d61-0d3bb9c3bc18,hsp4,89.474,19,2,0,159,177,89,107,0.004,26.5
c2111632-f5ee-46ec-94d5-da581b2d7c82,kcns1,78.995,219,28,13,49,262,1,206,7.06e-39,145
c2111632-f5ee-46ec-94d5-da581b2d7c82,kcns1,78.733,221,25,14,49,262,1,206,2.46e-38,143
c2111632-f5ee-46ec-94d5-da581b2d7c82,gm7,93.333,15,1,0,95,109,123,137,0.058,22.9
87a7d8d7-dc93-41e6-9229-047d6b81e59a,kcns1,77.727,220,28,11,67,269,216,1,6.94e-39,145
87a7d8d7-dc93-41e6-9229-047d6b81e59a,kcns1,73.756,221,35,12,67,269,216,1,2.13e-26,104
87a7d8d7-dc93-41e6-9229-047d6b81e59a,gm7,89.474,19,2,0,212,230,138,120,0.005,26.5
59ba6b77-6ec3-4655-981a-b185caf7c32d,gm7,78.774,212,33,8,62,268,1,205,1.31e-41,154
59ba6b77-6ec3-4655-981a-b185caf7c32d,gm7,78.774,212,33,8,62,268,1,205,1.31e-41,154
59ba6b77-6ec3-4655-981a-b185caf7c32d,kcns1,100.000,11,0,0,116,126,66,76,0.20,21.1
59ba6b77-6ec3-4655-981a-b185caf7c32d,kcns1,100.000,11,0,0,116,126,66,76,0.20,21.1
47cfaa0b-75e3-419a-b133-8ef58e80e6c0,gm7,81.132,212,24,10,56,261,1,202,4.79e-47,172
47cfaa0b-75e3-419a-b133-8ef58e80e6c0,gm7,79.612,206,27,9,62,261,6,202,3.68e-42,156
47cfaa0b-75e3-419a-b133-8ef58e80e6c0,kcns1,86.364,22,3,0,184,205,42,63,0.004,26.5
69383c9f-75ef-40aa-9499-4f528d0e4988,hsp4,90.062,161,4,7,113,263,28,186,1.21e-54,197
69383c9f-75ef-40aa-9499-4f528d0e4988,hsp4,92.000,25,2,0,57,81,4,28,2.50e-06,37.4
69383c9f-75ef-40aa-9499-4f528d0e4988,hsp4,87.578,161,8,7,113,263,28,186,3.25e-49,179
69383c9f-75ef-40aa-9499-4f528d0e4988,hsp4,96.000,25,1,0,57,81,4,28,2.05e-07,41.0
8277f652-b7cf-4080-8d79-c37bcf4dddc0,kcns1,82.273,220,30,8,51,265,1,216,1.50e-53,194
8277f652-b7cf-4080-8d79-c37bcf4dddc0,kcns1,80.909,220,33,8,51,265,1,216,3.31e-49,179
0ce68907-ed92-45c1-bd65-b157a0ce8b87,hsp4,86.667,180,15,7,114,287,10,186,1.60e-53,194
0ce68907-ed92-45c1-bd65-b157a0ce8b87,hsp4,87.654,162,12,6,131,287,28,186,2.90e-50,183
5ab7050b-6ce2-41bb-ba52-38dd59008970,kcns1,91.705,217,11,5,47,257,1,216,5.80e-84,295
5ab7050b-6ce2-41bb-ba52-38dd59008970,kcns1,84.332,217,27,5,47,257,1,216,3.01e-62,223
5ab7050b-6ce2-41bb-ba52-38dd59008970,hsp4,100.000,12,0,0,171,182,96,107,0.055,22.9
10e08564-a69c-40cc-a307-d95535dc9ca2,kcns1,84.579,214,20,10,41,243,213,2,7.75e-57,205
10e08564-a69c-40cc-a307-d95535dc9ca2,kcns1,84.579,214,20,10,41,243,213,2,7.75e-57,205
10e08564-a69c-40cc-a307-d95535dc9ca2,hsp4,80.000,50,5,4,59,108,82,38,1.01e-04,31.9
10e08564-a69c-40cc-a307-d95535dc9ca2,hsp4,89.474,19,2,0,108,126,107,89,0.004,26.5
10e08564-a69c-40cc-a307-d95535dc9ca2,gm7,88.889,18,2,0,191,208,137,120,0.015,24.7
7784b06a-ee2f-44f7-9f62-85077f01ed49,hsp4,89.677,155,4,8,116,261,35,186,2.62e-50,183
7784b06a-ee2f-44f7-9f62-85077f01ed49,hsp4,100.000,14,0,0,58,71,17,30,0.004,26.5
7784b06a-ee2f-44f7-9f62-85077f01ed49,hsp4,86.452,155,9,8,116,261,35,186,2.99e-43,159
7784b06a-ee2f-44f7-9f62-85077f01ed49,hsp4,100.000,14,0,0,58,71,17,30,0.004,26.5
99c1d343-3a0f-474a-bcb5-5a0383220001,kcns1,87.442,215,19,5,67,281,3,209,6.72e-71,251
99c1d343-3a0f-474a-bcb5-5a0383220001,kcns1,81.395,215,32,5,67,281,3,209,5.52e-53,192
1928df44-883f-4372-a4b8-96f4756cd509,kcns1,84.018,219,26,6,52,264,1,216,3.73e-61,219
1928df44-883f-4372-a4b8-96f4756cd509,kcns1,81.193,218,34,5,52,264,1,216,5.18e-53,192
1928df44-883f-4372-a4b8-96f4756cd509,hsp4,100.000,12,0,0,181,192,96,107,0.055,22.9
f329367d-0501-45e7-a27b-e38a196c085b,kcns1,79.556,225,30,12,37,255,216,2,3.05e-43,159
f329367d-0501-45e7-a27b-e38a196c085b,kcns1,78.855,227,28,12,37,255,216,2,1.07e-42,158
f329367d-0501-45e7-a27b-e38a196c085b,gm7,90.000,20,1,1,200,219,138,120,0.016,24.7
f329367d-0501-45e7-a27b-e38a196c085b,hsp4,100.000,11,0,0,114,124,106,96,0.19,21.1
91830010-33bc-4ce3-8048-92c8f2bff3e6,hsp4,87.671,146,9,7,146,284,28,171,3.38e-43,159
91830010-33bc-4ce3-8048-92c8f2bff3e6,hsp4,84.932,146,13,7,146,284,28,171,9.06e-38,141
91830010-33bc-4ce3-8048-92c8f2bff3e6,kcns1,100.000,11,0,0,279,289,62,72,0.21,21.1
c25dca53-8017-44c1-b78e-4af0ccbf24ba,kcns1,83.636,220,19,10,38,245,216,2,7.85e-57,205
71e3395d-5b6f-4887-9817-2fe2563faf87,kcns1,89.815,216,10,7,44,251,1,212,2.26e-76,269
71e3395d-5b6f-4887-9817-2fe2563faf87,kcns1,82.870,216,25,7,44,251,1,212,2.76e-56,203
71e3395d-5b6f-4887-9817-2fe2563faf87,gm7,88.889,18,2,0,79,96,120,137,0.015,24.7
71e3395d-5b6f-4887-9817-2fe2563faf87,hsp4,93.333,15,1,0,167,181,93,107,0.053,22.9
71e3395d-5b6f-4887-9817-2fe2563faf87,hsp4,100.000,11,0,0,102,112,128,138,0.19,21.1
d2ccecbb-2ed6-47f5-ba32-5ea046427711,hsp4,83.735,166,15,8,55,219,182,28,4.69e-41,152
d2ccecbb-2ed6-47f5-ba32-5ea046427711,hsp4,94.444,18,1,0,247,264,27,10,0.001,28.3
d2ccecbb-2ed6-47f5-ba32-5ea046427711,hsp4,100.000,11,0,0,243,253,47,57,0.20,21.1
d2ccecbb-2ed6-47f5-ba32-5ea046427711,hsp4,82.530,166,17,8,55,219,182,28,2.43e-38,143
d2ccecbb-2ed6-47f5-ba32-5ea046427711,hsp4,93.750,16,1,0,247,262,27,12,0.016,24.7
d2ccecbb-2ed6-47f5-ba32-5ea046427711,hsp4,100.000,11,0,0,243,253,47,57,0.20,21.1
744c9b11-e2e2-4592-908d-ce23ee09f758,hsp4,85.616,146,10,4,115,255,44,183,8.16e-44,161
744c9b11-e2e2-4592-908d-ce23ee09f758,hsp4,83.562,146,13,4,115,255,44,183,1.80e-39,147
744c9b11-e2e2-4592-908d-ce23ee09f758,prima1,100.000,11,0,0,79,89,61,71,0.18,21.1
744c9b11-e2e2-4592-908d-ce23ee09f758,prima1,100.000,11,0,0,79,89,61,71,0.18,21.1
76844804-8cbf-426b-b698-77c5814a1e96,kcns1,78.261,207,31,9,53,253,199,1,2.30e-38,143
76844804-8cbf-426b-b698-77c5814a1e96,kcns1,73.288,146,29,5,113,253,141,1,9.78e-18,75.2
c63f00bd-b221-4366-a430-76a75b7d994e,hsp4,89.571,163,7,7,117,273,28,186,4.49e-54,196
c63f00bd-b221-4366-a430-76a75b7d994e,hsp4,85.276,163,14,7,117,273,28,186,2.65e-44,163
a976b328-d0d7-4d4a-8f14-e8fcfe4611c6,gm7,83.178,214,21,7,40,247,1,205,2.28e-57,206
a976b328-d0d7-4d4a-8f14-e8fcfe4611c6,gm7,82.243,214,23,7,40,247,1,205,1.18e-54,197
56cea8c6-690c-4709-a1d6-47c4bb63bb71,gm7,87.255,204,9,11,49,240,7,205,1.22e-60,217
56cea8c6-690c-4709-a1d6-47c4bb63bb71,gm7,83.251,203,19,9,49,240,7,205,2.06e-51,187
18b27340-9ae7-429a-8842-c57253c67301,hsp4,75.796,157,28,8,92,240,20,174,5.23e-21,86.0
18b27340-9ae7-429a-8842-c57253c67301,hsp4,100.000,13,0,0,34,46,1,13,0.015,24.7
18b27340-9ae7-429a-8842-c57253c67301,hsp4,75.316,158,27,9,92,240,20,174,2.22e-19,80.6
6337eafd-f09f-4fe1-bf2a-0ff9fd4280e4,kcns1,87.215,219,19,6,56,268,216,1,2.25e-70,250
6337eafd-f09f-4fe1-bf2a-0ff9fd4280e4,kcns1,86.538,208,16,8,56,255,216,13,8.97e-63,224
6337eafd-f09f-4fe1-bf2a-0ff9fd4280e4,gm7,88.889,18,2,0,212,229,137,120,0.016,24.7
3760726d-7226-4bae-bd64-8adcb44b6c97,kcns1,80.786,229,25,13,54,277,215,1,1.43e-47,174
3760726d-7226-4bae-bd64-8adcb44b6c97,kcns1,78.166,229,31,12,54,277,215,1,1.63e-40,150
3760726d-7226-4bae-bd64-8adcb44b6c97,gm7,88.889,18,2,0,219,236,137,120,0.016,24.7
aec214aa-7449-4c6a-b39a-79439f196144,hsp4,91.525,59,2,2,45,101,186,129,8.00e-19,78.8
aec214aa-7449-4c6a-b39a-79439f196144,hsp4,92.308,26,1,1,236,260,26,1,8.55e-06,35.6
aec214aa-7449-4c6a-b39a-79439f196144,hsp4,88.136,59,4,2,45,101,186,129,4.15e-16,69.8
aec214aa-7449-4c6a-b39a-79439f196144,hsp4,96.154,26,0,1,236,260,26,1,7.02e-07,39.2
aec214aa-7449-4c6a-b39a-79439f196144,kcns1,93.750,16,1,0,224,239,161,176,0.015,24.7
aec214aa-7449-4c6a-b39a-79439f196144,kcns1,92.857,14,1,0,224,237,158,171,0.19,21.1
653a67f3-0042-4bb5-87c4-4fad4f0e42bb,hsp4,81.905,105,13,6,43,145,182,82,7.02e-20,82.4
653a67f3-0042-4bb5-87c4-4fad4f0e42bb,hsp4,84.615,78,10,2,43,119,182,106,2.45e-19,80.6
653a67f3-0042-4bb5-87c4-4fad4f0e42bb,hsp4,88.889,27,2,1,242,268,26,1,1.11e-04,31.9
480c4f86-bf4e-419d-9d3b-3c363447de01,kcns1,77.778,216,38,8,57,268,1,210,1.99e-39,147
480c4f86-bf4e-419d-9d3b-3c363447de01,kcns1,70.046,217,53,8,57,268,1,210,3.60e-17,73.4
6d4c2b27-2db7-4bda-9fd0-a9c8bcb80a04,kcns1,84.163,221,27,4,52,269,216,1,2.07e-64,230
6d4c2b27-2db7-4bda-9fd0-a9c8bcb80a04,kcns1,80.090,221,36,4,52,269,216,1,1.82e-52,190
6d4c2b27-2db7-4bda-9fd0-a9c8bcb80a04,gm7,88.889,18,2,0,217,234,137,120,0.016,24.7
a8af8335-cecb-4c3c-af98-45cc8255bab3,prima1,89.205,176,2,7,41,201,177,4,3.62e-60,215
a8af8335-cecb-4c3c-af98-45cc8255bab3,prima1,87.500,176,5,7,41,201,177,4,2.29e-56,203
a8af8335-cecb-4c3c-af98-45cc8255bab3,kcns1,100.000,11,0,0,144,154,133,123,0.15,21.1
9c1308c5-2db4-4007-ac1d-248872700b73,kcns1,90.411,219,14,4,40,254,216,1,2.43e-82,289
9c1308c5-2db4-4007-ac1d-248872700b73,kcns1,84.018,219,28,4,40,254,216,1,2.44e-63,226
9c1308c5-2db4-4007-ac1d-248872700b73,hsp4,100.000,12,0,0,113,124,107,96,0.054,22.9
f4825f2c-3324-48e0-b4b5-a179dfff4392,kcns1,73.684,133,24,9,146,273,127,1,1.20e-10,51.8
f4825f2c-3324-48e0-b4b5-a179dfff4392,kcns1,80.357,56,8,2,218,273,53,1,5.10e-09,46.4
f4825f2c-3324-48e0-b4b5-a179dfff4392,gm7,93.333,15,1,0,218,232,134,120,0.058,22.9
ed591224-2c49-4d31-8800-3eb7599badd2,kcns1,75.111,225,41,8,66,284,1,216,1.59e-34,131
ed591224-2c49-4d31-8800-3eb7599badd2,kcns1,68.889,225,55,8,66,284,1,216,1.59e-15,68.0
ed591224-2c49-4d31-8800-3eb7599badd2,hsp4,100.000,11,0,0,240,250,64,74,0.21,21.1
f917f06d-4bf9-4c56-be72-e71ee8228d60,hsp4,85.802,162,10,8,61,212,186,28,7.63e-45,165
f917f06d-4bf9-4c56-be72-e71ee8228d60,hsp4,84.472,161,14,6,61,212,186,28,9.29e-44,161
b0d224d3-dce7-4c99-a85f-1628cd54b986,gm7,87.500,96,7,4,49,143,205,114,5.43e-27,105
b0d224d3-dce7-4c99-a85f-1628cd54b986,gm7,75.132,189,28,10,49,223,205,22,6.61e-26,102
b0d224d3-dce7-4c99-a85f-1628cd54b986,kcns1,89.474,19,2,0,119,137,57,39,0.004,26.5
f4ee0719-fd1c-43ff-8f1c-f5ada31be2a5,kcns1,89.640,222,15,5,40,259,216,1,3.64e-80,282
f4ee0719-fd1c-43ff-8f1c-f5ada31be2a5,kcns1,81.081,222,34,5,40,259,216,1,4.15e-54,196
f4ee0719-fd1c-43ff-8f1c-f5ada31be2a5,gm7,93.333,15,1,0,206,220,134,120,0.054,22.9
8d55fe3d-218f-429a-a1ed-9e05b8569748,hsp4,84.713,157,13,7,40,187,182,28,1.25e-41,154
8d55fe3d-218f-429a-a1ed-9e05b8569748,hsp4,89.474,19,0,1,235,253,17,1,0.053,22.9
8d55fe3d-218f-429a-a1ed-9e05b8569748,hsp4,82.166,157,17,6,40,187,182,28,2.75e-37,140
8d55fe3d-218f-429a-a1ed-9e05b8569748,kcns1,100.000,12,0,0,116,127,141,130,0.053,22.9
8d55fe3d-218f-429a-a1ed-9e05b8569748,kcns1,100.000,12,0,0,170,181,195,184,0.053,22.9
8d55fe3d-218f-429a-a1ed-9e05b8569748,kcns1,100.000,11,0,0,22,32,164,154,0.19,21.1
a0e62425-93f0-414c-8273-e335a4805912,hsp4,89.189,148,7,6,140,280,28,173,4.25e-48,176
a0e62425-93f0-414c-8273-e335a4805912,hsp4,100.000,11,0,0,240,250,66,76,0.21,21.1
a0e62425-93f0-414c-8273-e335a4805912,hsp4,85.811,148,12,6,140,280,28,173,1.39e-41,154
a0e62425-93f0-414c-8273-e335a4805912,kcns1,100.000,12,0,0,208,219,130,141,0.059,22.9
8b7ccf24-eded-4e9d-b6f5-f7a03e8c8f34,kcns1,81.517,211,24,10,53,252,1,207,1.34e-47,174
8b7ccf24-eded-4e9d-b6f5-f7a03e8c8f34,kcns1,73.113,212,40,11,53,252,1,207,1.26e-22,91.5
fd86a330-9577-4ad5-be9b-fd40aec84465,hsp4,82.081,173,14,8,64,233,186,28,5.16e-41,152
fd86a330-9577-4ad5-be9b-fd40aec84465,hsp4,100.000,16,0,0,282,297,16,1,4.24e-04,30.1
fd86a330-9577-4ad5-be9b-fd40aec84465,hsp4,82.081,173,14,8,64,233,186,28,5.16e-41,152
2ed92e33-70d0-4d30-b3fd-aa1ba2b3daab,kcns1,84.163,221,24,6,39,253,216,1,8.68e-63,224
2ed92e33-70d0-4d30-b3fd-aa1ba2b3daab,kcns1,79.186,221,35,5,39,253,216,1,3.24e-49,179
79aa2147-5dfb-4402-b607-c81adcdd278c,kcns1,93.243,222,5,7,40,257,1,216,7.80e-89,311
79aa2147-5dfb-4402-b607-c81adcdd278c,kcns1,85.586,222,22,7,40,257,1,216,1.72e-65,233
79aa2147-5dfb-4402-b607-c81adcdd278c,gm7,93.750,16,1,0,81,96,120,135,0.016,24.7
ebbd8fdd-0818-4364-b3a3-b4bcbcb42ce5,hsp4,85.294,170,9,9,123,287,28,186,6.32e-46,168
ebbd8fdd-0818-4364-b3a3-b4bcbcb42ce5,hsp4,84.706,170,10,9,123,287,28,186,2.69e-44,163
37857d31-60ba-4e25-8ac8-2ec0464f46c1,kcns1,86.697,218,13,11,57,267,210,2,7.53e-64,228
37857d31-60ba-4e25-8ac8-2ec0464f46c1,kcns1,82.110,218,23,11,57,267,210,2,2.81e-50,183
37857d31-60ba-4e25-8ac8-2ec0464f46c1,hsp4,100.000,12,0,0,128,139,107,96,0.058,22.9
d606731b-53c9-4f22-9705-ef2c6114296c,prima1,83.140,172,8,7,56,206,177,6,1.66e-45,167
d606731b-53c9-4f22-9705-ef2c6114296c,prima1,81.395,172,11,7,56,206,177,6,1.05e-41,154
91e86f7d-6888-4dc8-865d-c25c049dc543,kcns1,81.900,221,28,7,73,288,3,216,1.34e-54,197
91e86f7d-6888-4dc8-865d-c25c049dc543,kcns1,73.636,220,48,5,73,288,3,216,8.43e-32,122
91e86f7d-6888-4dc8-865d-c25c049dc543,kcns1,100.000,11,0,0,266,276,138,148,0.21,21.1
91e86f7d-6888-4dc8-865d-c25c049dc543,gm7,88.889,18,2,0,111,128,120,137,0.017,24.7
0c75e6c6-0a4e-4d09-a834-5a5c5b1abcad,prima1,85.475,179,20,6,70,245,2,177,7.25e-51,185
0c75e6c6-0a4e-4d09-a834-5a5c5b1abcad,prima1,83.799,179,23,6,70,245,2,177,1.60e-46,170
d058046d-fe29-4de7-aefe-559c6cb2a068,kcns1,88.318,214,17,7,59,268,7,216,2.26e-70,250
d058046d-fe29-4de7-aefe-559c6cb2a068,kcns1,87.850,214,18,7,59,268,7,216,9.60e-69,244
3b572c5a-b71c-45f6-a4f2-22074692614d,hsp4,90.184,163,6,7,134,290,28,186,3.83e-55,199
3b572c5a-b71c-45f6-a4f2-22074692614d,hsp4,89.571,163,7,7,134,290,28,186,4.66e-54,196
95a28261-9158-4c6b-97c5-30a8bc4725ec,kcns1,91.469,211,5,8,52,256,11,214,5.42e-78,275
95a28261-9158-4c6b-97c5-30a8bc4725ec,kcns1,83.636,220,22,10,43,256,3,214,2.81e-56,203
95a28261-9158-4c6b-97c5-30a8bc4725ec,gm7,90.000,20,1,1,77,96,120,138,0.016,24.7
d94892c2-b0b8-4894-bdf9-039ada360ea9,kcns1,73.077,234,39,10,53,280,216,1,1.19e-29,114
d94892c2-b0b8-4894-bdf9-039ada360ea9,kcns1,90.244,41,1,1,53,93,216,179,9.79e-12,55.4
d94892c2-b0b8-4894-bdf9-039ada360ea9,kcns1,73.077,104,23,3,177,280,99,1,3.42e-11,53.6
9625ed7f-099a-4b98-a38e-4ab033c7bb5b,hsp4,72.917,144,33,5,50,189,173,32,1.42e-15,68.0
9625ed7f-099a-4b98-a38e-4ab033c7bb5b,hsp4,70.833,144,36,5,50,189,173,32,3.12e-11,53.6
9625ed7f-099a-4b98-a38e-4ab033c7bb5b,hsp4,93.750,16,1,0,239,254,16,1,0.015,24.7
9625ed7f-099a-4b98-a38e-4ab033c7bb5b,kcns1,100.000,11,0,0,222,232,167,177,0.18,21.1
11d251e6-db8b-45bd-9cd2-57b66c7cab27,kcns1,81.938,227,26,8,35,257,1,216,2.81e-56,203
11d251e6-db8b-45bd-9cd2-57b66c7cab27,kcns1,74.449,227,43,8,35,257,1,216,6.19e-33,125
11d251e6-db8b-45bd-9cd2-57b66c7cab27,gm7,92.857,14,1,0,84,97,124,137,0.19,21.1
b5c0b1be-fd52-41ef-83a9-83212573a5ef,gm7,83.886,211,22,8,40,244,205,1,2.72e-56,203
b5c0b1be-fd52-41ef-83a9-83212573a5ef,gm7,81.517,211,27,8,40,244,205,1,3.11e-49,179
fa98489e-1586-4777-8a85-39dc9a03a701,prima1,86.286,175,12,8,54,218,177,5,2.30e-50,183
fa98489e-1586-4777-8a85-39dc9a03a701,prima1,93.333,15,1,0,61,75,21,7,0.048,22.9
fa98489e-1586-4777-8a85-39dc9a03a701,prima1,100.000,12,0,0,155,166,175,164,0.048,22.9
fa98489e-1586-4777-8a85-39dc9a03a701,prima1,85.714,175,13,8,54,218,177,5,9.78e-49,178
fa98489e-1586-4777-8a85-39dc9a03a701,prima1,93.333,15,1,0,61,75,21,7,0.048,22.9
fa98489e-1586-4777-8a85-39dc9a03a701,prima1,100.000,12,0,0,155,166,175,164,0.048,22.9
226e60f7-2c14-4d69-8fc5-a95cf9ec348e,kcns1,84.018,219,25,7,54,265,216,1,4.60e-60,215
226e60f7-2c14-4d69-8fc5-a95cf9ec348e,kcns1,80.365,219,33,7,54,265,216,1,3.31e-49,179
226e60f7-2c14-4d69-8fc5-a95cf9ec348e,gm7,93.333,15,1,0,211,225,138,124,0.056,22.9
90a07631-bcbd-4fc7-b537-696ad041122d,kcns1,83.486,218,18,11,40,241,216,1,1.14e-54,197
90a07631-bcbd-4fc7-b537-696ad041122d,kcns1,82.569,218,20,11,40,241,216,1,5.89e-52,188
9a69fe2d-65d9-4e0e-b8b8-c774e9a950a0,kcns1,87.500,208,12,11,51,248,13,216,1.02e-61,221
9a69fe2d-65d9-4e0e-b8b8-c774e9a950a0,kcns1,78.636,220,32,12,40,248,1,216,6.45e-39,145
9a69fe2d-65d9-4e0e-b8b8-c774e9a950a0,gm7,88.889,18,2,0,76,93,120,137,0.015,24.7
1a443168-7ebe-4f13-adf8-55cf23d50f7f,kcns1,89.954,219,17,3,43,260,216,2,8.61e-82,288
1a443168-7ebe-4f13-adf8-55cf23d50f7f,kcns1,81.279,219,36,3,43,260,216,2,9.83e-56,201
0c9fcf20-abdf-41eb-b866-d9f9a4da92de,hsp4,89.222,167,9,8,40,203,186,26,5.25e-53,192
0c9fcf20-abdf-41eb-b866-d9f9a4da92de,hsp4,100.000,30,0,0,237,266,30,1,9.51e-12,55.4
0c9fcf20-abdf-41eb-b866-d9f9a4da92de,hsp4,86.228,167,14,8,40,203,186,26,1.72e-46,170
fa45ab79-8e94-41e6-b6dc-a9ff8d38e87e,gm7,84.834,211,20,7,38,242,205,1,4.24e-60,215
fa45ab79-8e94-41e6-b6dc-a9ff8d38e87e,gm7,83.886,211,22,8,38,242,205,1,2.68e-56,203
fa45ab79-8e94-41e6-b6dc-a9ff8d38e87e,kcns1,89.474,19,2,0,156,174,113,95,0.004,26.5
fa45ab79-8e94-41e6-b6dc-a9ff8d38e87e,kcns1,88.889,18,2,0,104,121,56,39,0.015,24.7
54a24b0f-e117-40bd-a16c-7ab59afee622,kcns1,87.615,218,19,5,59,270,1,216,1.41e-72,257
54a24b0f-e117-40bd-a16c-7ab59afee622,kcns1,80.275,218,35,5,59,270,1,216,7.31e-51,185
54a24b0f-e117-40bd-a16c-7ab59afee622,hsp4,100.000,12,0,0,186,197,96,107,0.053,22.9
a7cf2ccf-9d49-42e3-953b-8c21abb7601f,kcns1,87.156,218,17,10,36,244,1,216,5.61e-65,232
a7cf2ccf-9d49-42e3-953b-8c21abb7601f,kcns1,78.899,218,35,9,36,244,1,216,3.54e-42,156
29c31547-2e21-49af-a466-7f2c505fe1d9,hsp4,87.261,157,13,4,52,206,182,31,9.71e-50,181
29c31547-2e21-49af-a466-7f2c505fe1d9,hsp4,83.439,157,19,4,52,206,182,31,1.35e-41,154
29c31547-2e21-49af-a466-7f2c505fe1d9,prima1,100.000,12,0,0,242,253,161,172,0.057,22.9
29c31547-2e21-49af-a466-7f2c505fe1d9,prima1,92.857,14,1,0,70,83,37,24,0.20,21.1
29c31547-2e21-49af-a466-7f2c505fe1d9,prima1,100.000,12,0,0,242,253,161,172,0.057,22.9
29c31547-2e21-49af-a466-7f2c505fe1d9,prima1,92.857,14,1,0,70,83,37,24,0.20,21.1
2e02ffe8-212e-4e62-8f02-c5512d1f3240,hsp4,89.706,136,8,6,123,253,52,186,8.51e-44,161
2e02ffe8-212e-4e62-8f02-c5512d1f3240,hsp4,87.500,136,11,6,123,253,52,186,1.87e-39,147
7785f1d6-193d-485e-a24a-78b079f1fdb6,kcns1,82.727,220,24,10,59,271,1,213,1.53e-53,194
7785f1d6-193d-485e-a24a-78b079f1fdb6,kcns1,73.182,220,45,10,59,271,1,213,9.07e-25,98.7
237221dd-8555-4c33-870e-e4edf1730b53,hsp4,94.079,152,6,2,142,291,36,186,7.86e-64,228
237221dd-8555-4c33-870e-e4edf1730b53,hsp4,84.848,33,2,2,58,90,1,30,1.17e-04,31.9
237221dd-8555-4c33-870e-e4edf1730b53,hsp4,93.421,152,7,2,142,291,36,186,3.34e-62,223
237221dd-8555-4c33-870e-e4edf1730b53,hsp4,87.879,33,1,2,58,90,1,30,9.60e-06,35.6
5c9a2b6c-debc-4c93-b66e-3c9b0d8091bb,prima1,93.642,173,3,5,41,206,6,177,6.13e-70,248
5c9a2b6c-debc-4c93-b66e-3c9b0d8091bb,prima1,91.908,173,6,5,41,206,6,177,1.35e-65,233
2a16ca90-9fd1-4792-876d-f9bac96ed401,gm7,90.821,207,8,7,42,239,205,1,2.45e-75,266
2a16ca90-9fd1-4792-876d-f9bac96ed401,gm7,86.957,207,16,6,42,239,205,1,4.16e-66,235
4e9c16f8-8a2c-4e2c-8192-29b49961a1f9,prima1,80.447,179,14,6,40,202,177,4,8.35e-43,158
4e9c16f8-8a2c-4e2c-8192-29b49961a1f9,prima1,79.330,179,16,6,40,202,177,4,4.33e-40,149
0f742fd3-8165-469d-a341-1242ba193c33,hsp4,85.802,162,10,9,57,208,186,28,3.16e-43,159
0f742fd3-8165-469d-a341-1242ba193c33,hsp4,100.000,30,0,0,244,273,30,1,9.69e-12,55.4
0f742fd3-8165-469d-a341-1242ba193c33,hsp4,82.716,162,15,9,57,208,186,28,1.03e-36,138
0f742fd3-8165-469d-a341-1242ba193c33,hsp4,96.667,30,1,0,244,273,30,1,4.12e-10,50.0
c6dfca43-fc36-4a71-a5c5-84c43a699b02,hsp4,92.208,154,7,3,70,220,179,28,4.99e-60,215
c6dfca43-fc36-4a71-a5c5-84c43a699b02,hsp4,88.889,27,1,1,265,289,27,1,3.37e-05,33.7
c6dfca43-fc36-4a71-a5c5-84c43a699b02,hsp4,90.260,154,10,3,70,220,179,28,1.10e-55,201
b018fea1-bbf1-4fb6-a15d-0a770fe4314b,kcns1,89.333,225,14,7,64,287,1,216,5.95e-78,275
b018fea1-bbf1-4fb6-a15d-0a770fe4314b,kcns1,86.667,225,20,7,64,287,1,216,8.27e-70,248
b018fea1-bbf1-4fb6-a15d-0a770fe4314b,gm7,89.474,19,2,0,103,121,120,138,0.005,26.5
5225fa68-86a3-4ba0-ad0c-3e0f36b10d01,kcns1,78.378,222,30,7,41,250,216,1,5.68e-46,168
5225fa68-86a3-4ba0-ad0c-3e0f36b10d01,kcns1,71.622,222,45,8,41,250,216,1,2.94e-24,96.9
5225fa68-86a3-4ba0-ad0c-3e0f36b10d01,kcns1,88.889,18,0,1,47,64,62,47,0.19,21.1
5225fa68-86a3-4ba0-ad0c-3e0f36b10d01,gm7,88.889,18,2,0,197,214,137,120,0.015,24.7
3e583255-0b05-4cb4-9111-4cf1c5de96eb,kcns1,85.915,213,24,4,40,249,1,210,1.34e-66,237
3e583255-0b05-4cb4-9111-4cf1c5de96eb,kcns1,77.465,213,42,4,40,249,1,210,3.59e-42,156
3e583255-0b05-4cb4-9111-4cf1c5de96eb,hsp4,100.000,12,0,0,170,181,96,107,0.053,22.9
64384d5e-980b-46af-95b7-98917a52461c,kcns1,85.253,217,19,8,39,246,4,216,2.69e-62,223
64384d5e-980b-46af-95b7-98917a52461c,kcns1,76.959,217,37,8,39,246,4,216,7.24e-38,141
64384d5e-980b-46af-95b7-98917a52461c,gm7,100.000,12,0,0,78,89,123,134,0.049,22.9
bdcbd39f-ea95-46ed-bf89-eab068419d31,hsp4,79.221,77,7,2,59,126,182,106,5.19e-15,66.2
bdcbd39f-ea95-46ed-bf89-eab068419d31,hsp4,77.922,77,8,2,59,126,182,106,6.32e-14,62.6
bdcbd39f-ea95-46ed-bf89-eab068419d31,hsp4,80.000,40,6,2,156,195,73,36,3.74e-04,30.1
23ddd223-037b-4bba-bd64-a14816d49b24,prima1,89.503,181,7,8,42,217,4,177,3.86e-60,215
23ddd223-037b-4bba-bd64-a14816d49b24,prima1,87.845,181,10,8,42,217,4,177,2.44e-56,203
23ddd223-037b-4bba-bd64-a14816d49b24,kcns1,100.000,11,0,0,118,128,172,182,0.16,21.1
439efff8-546a-454b-a481-290b3277e2c1,hsp4,83.432,169,8,11,122,275,23,186,2.03e-39,147
439efff8-546a-454b-a481-290b3277e2c1,hsp4,100.000,30,0,0,64,93,1,30,9.85e-12,55.4
439efff8-546a-454b-a481-290b3277e2c1,hsp4,81.065,169,12,12,122,275,23,186,6.63e-33,125
c94526be-cd7a-4fd9-a1af-4e2efd9676da,kcns1,85.780,218,24,6,47,259,216,1,1.64e-65,233
c94526be-cd7a-4fd9-a1af-4e2efd9676da,kcns1,77.523,218,42,6,47,259,216,1,4.39e-41,152
c94526be-cd7a-4fd9-a1af-4e2efd9676da,gm7,88.889,18,2,0,205,222,137,120,0.015,24.7
4e9a4a18-8fa8-4bd6-8faf-34cf8da06a3b,hsp4,91.411,163,6,5,112,270,28,186,4.71e-60,215
4e9a4a18-8fa8-4bd6-8faf-34cf8da06a3b,hsp4,90.123,162,10,4,112,270,28,186,6.98e-58,208
aedd9499-aee5-4599-91a0-256e0dbed6f2,kcns1,90.654,214,14,5,56,265,212,1,4.51e-79,279
aedd9499-aee5-4599-91a0-256e0dbed6f2,kcns1,83.178,214,30,5,56,265,212,1,2.34e-57,206
2da679f3-69fe-4c6d-8700-09de2e6f8543,hsp4,88.387,155,6,8,52,194,182,28,1.38e-47,174
2da679f3-69fe-4c6d-8700-09de2e6f8543,hsp4,85.806,155,10,8,52,194,182,28,3.69e-42,156
2da679f3-69fe-4c6d-8700-09de2e6f8543,hsp4,100.000,20,0,0,238,257,20,1,2.49e-06,37.4
4665a437-a55f-4c6d-bd86-469f28cb9bfa,gm7,91.111,45,3,1,43,86,205,161,2.12e-13,60.8
4665a437-a55f-4c6d-bd86-469f28cb9bfa,gm7,92.308,26,2,0,197,222,41,16,6.93e-07,39.2
4665a437-a55f-4c6d-bd86-469f28cb9bfa,gm7,91.111,45,3,1,43,86,205,161,2.12e-13,60.8
4665a437-a55f-4c6d-bd86-469f28cb9bfa,gm7,81.395,43,6,1,197,239,41,1,6.93e-07,39.2
390ffa88-4600-440a-8ab7-fd1529aea247,kcns1,87.892,223,15,8,53,270,1,216,5.30e-72,255
390ffa88-4600-440a-8ab7-fd1529aea247,kcns1,78.475,223,36,8,53,270,1,216,8.97e-44,161
f205cfbe-e099-4821-9ea8-5f21a8fc6f70,kcns1,85.455,220,14,7,40,247,3,216,1.32e-66,237
f205cfbe-e099-4821-9ea8-5f21a8fc6f70,kcns1,75.688,218,39,6,40,247,3,216,2.72e-37,140
f205cfbe-e099-4821-9ea8-5f21a8fc6f70,hsp4,100.000,11,0,0,200,210,64,74,0.18,21.1
bf3936db-cd1b-4776-9c34-47cb7ff614c7,hsp4,85.890,163,13,6,41,197,186,28,4.43e-47,172
bf3936db-cd1b-4776-9c34-47cb7ff614c7,hsp4,84.663,163,15,6,41,197,186,28,2.30e-44,163
bf3936db-cd1b-4776-9c34-47cb7ff614c7,kcns1,100.000,11,0,0,117,127,141,131,0.18,21.1
4b930a45-b8ef-44cb-b42c-9361d2b6e248,hsp4,83.333,174,12,7,105,276,28,186,2.19e-45,167
4b930a45-b8ef-44cb-b42c-9361d2b6e248,hsp4,100.000,30,0,0,45,74,1,30,9.94e-12,55.4
4b930a45-b8ef-44cb-b42c-9361d2b6e248,hsp4,81.609,174,15,7,105,276,28,186,1.38e-41,154
4b930a45-b8ef-44cb-b42c-9361d2b6e248,hsp4,96.667,30,1,0,45,74,1,30,4.23e-10,50.0
94fe9338-8680-4749-b38d-de4d8a10d599,gm7,82.114,123,15,5,71,189,198,79,1.73e-27,107
94fe9338-8680-4749-b38d-de4d8a10d599,gm7,82.500,120,14,5,71,186,198,82,6.03e-27,105
6bf1f536-974c-4a10-9139-252f1c0b8888,hsp4,84.459,148,16,5,123,265,28,173,2.00e-39,147
6bf1f536-974c-4a10-9139-252f1c0b8888,hsp4,84.459,148,16,5,123,265,28,173,2.00e-39,147
0307ecea-7f4d-4395-b343-94a00b7d4783,hsp4,88.272,162,9,7,120,274,28,186,8.15e-51,185
0307ecea-7f4d-4395-b343-94a00b7d4783,hsp4,88.272,162,9,7,120,274,28,186,8.15e-51,185
feaa49c9-d978-494c-a5bd-810057e93a08,hsp4,90.123,162,10,4,115,272,26,185,6.85e-58,208
feaa49c9-d978-494c-a5bd-810057e93a08,hsp4,87.654,162,14,4,115,272,26,185,1.84e-52,190
feaa49c9-d978-494c-a5bd-810057e93a08,hsp4,96.429,28,1,0,55,82,3,30,4.94e-09,46.4
5c3f3fbb-14bc-4732-a4a3-4dcd30cfa0a6,kcns1,83.258,221,27,6,50,265,216,1,1.58e-59,214
5c3f3fbb-14bc-4732-a4a3-4dcd30cfa0a6,kcns1,75.336,223,41,8,50,265,216,1,1.48e-34,131
5c3f3fbb-14bc-4732-a4a3-4dcd30cfa0a6,hsp4,89.474,19,2,0,122,140,107,89,0.005,26.5
164e40a0-4285-4275-9d2e-2987fe8c2116,hsp4,79.878,164,15,8,114,264,28,186,1.85e-33,127
164e40a0-4285-4275-9d2e-2987fe8c2116,hsp4,79.878,164,15,9,114,264,28,186,2.25e-32,123
b1756e13-e820-4d83-9c54-7f5c07d3cb57,kcns1,81.735,219,25,8,70,276,216,1,5.47e-53,192
b1756e13-e820-4d83-9c54-7f5c07d3cb57,kcns1,100.000,11,0,0,78,88,127,117,0.20,21.1
b1756e13-e820-4d83-9c54-7f5c07d3cb57,kcns1,79.358,218,32,8,70,276,216,1,2.18e-45,167
b1756e13-e820-4d83-9c54-7f5c07d3cb57,gm7,89.474,19,2,0,220,238,138,120,0.005,26.5
aaa4c03f-2ffb-4290-980c-ceb80bdf16a8,kcns1,85.238,210,22,4,47,254,216,14,1.93e-64,230
aaa4c03f-2ffb-4290-980c-ceb80bdf16a8,kcns1,76.667,210,40,4,47,254,216,14,5.19e-40,149
aaa4c03f-2ffb-4290-980c-ceb80bdf16a8,gm7,88.889,18,2,0,213,230,137,120,0.015,24.7
f6cd3bf3-ea93-4919-96cc-385716d37f90,kcns1,88.688,221,14,8,50,264,1,216,1.25e-73,260
f6cd3bf3-ea93-4919-96cc-385716d37f90,kcns1,85.068,221,22,8,50,264,1,216,8.97e-63,224
409e0b98-ea5a-4d92-b252-1cedea845ad9,kcns1,82.353,221,24,9,37,247,1,216,4.05e-54,196
409e0b98-ea5a-4d92-b252-1cedea845ad9,kcns1,78.281,221,33,10,37,247,1,216,1.51e-40,150
18beef2f-9f8c-4ccf-b81f-8a3f611b51ce,hsp4,88.166,169,7,8,110,267,20,186,1.84e-52,190
18beef2f-9f8c-4ccf-b81f-8a3f611b51ce,hsp4,86.905,168,11,7,110,267,20,186,2.74e-50,183
dd4454cb-c19c-491b-b4fa-f1810ac88571,kcns1,85.965,171,16,4,118,287,53,216,1.96e-52,190
dd4454cb-c19c-491b-b4fa-f1810ac88571,kcns1,78.146,151,27,3,138,287,71,216,3.54e-30,116
fb4c7c8c-0ea6-4371-aa5a-cb2be9eb663a,kcns1,86.301,219,18,7,47,256,216,1,3.89e-67,239
fb4c7c8c-0ea6-4371-aa5a-cb2be9eb663a,kcns1,84.018,219,23,6,47,256,216,1,1.04e-61,221
fb4c7c8c-0ea6-4371-aa5a-cb2be9eb663a,gm7,89.474,19,2,0,200,218,138,120,0.004,26.5
0dbb7b02-7c9c-4a64-b46a-b12f35df798b,prima1,89.714,175,8,7,43,213,169,1,4.63e-59,212
0dbb7b02-7c9c-4a64-b46a-b12f35df798b,prima1,89.714,175,8,7,43,213,169,1,4.63e-59,212
0dbb7b02-7c9c-4a64-b46a-b12f35df798b,kcns1,100.000,11,0,0,151,161,180,170,0.16,21.1
a3f53028-9523-4de5-9b0c-4e74d360d167,hsp4,91.250,160,8,5,126,280,28,186,7.18e-58,208
a3f53028-9523-4de5-9b0c-4e74d360d167,hsp4,90.000,160,10,5,126,280,28,186,3.72e-55,199
a3f53028-9523-4de5-9b0c-4e74d360d167,hsp4,93.333,30,1,1,66,94,1,30,6.31e-08,42.8
a3f53028-9523-4de5-9b0c-4e74d360d167,gm7,93.333,15,1,0,1,15,159,145,0.059,22.9
eba94fcf-0baf-444f-b5b0-9691356686aa,kcns1,89.498,219,13,6,40,252,216,2,1.89e-77,273
eba94fcf-0baf-444f-b5b0-9691356686aa,kcns1,100.000,11,0,0,291,301,160,150,0.19,21.1
eba94fcf-0baf-444f-b5b0-9691356686aa,kcns1,84.862,218,25,5,40,252,216,2,2.02e-64,230
eba94fcf-0baf-444f-b5b0-9691356686aa,kcns1,100.000,11,0,0,291,301,160,150,0.19,21.1
0765b3dd-32a7-44b7-8a30-ed5a98259015,kcns1,88.991,218,12,6,32,239,216,1,2.17e-76,269
0765b3dd-32a7-44b7-8a30-ed5a98259015,kcns1,83.028,218,25,7,32,239,216,1,2.17e-57,206
0765b3dd-32a7-44b7-8a30-ed5a98259015,hsp4,100.000,11,0,0,110,120,106,96,0.18,21.1
a180cc25-4915-4767-b3ff-8547078af012,kcns1,90.338,207,13,6,47,246,207,1,3.30e-74,262
a180cc25-4915-4767-b3ff-8547078af012,kcns1,83.575,207,27,6,47,246,207,1,3.31e-55,199
5a18982e-569f-4bf0-8e9a-b8bddc66a01b,hsp4,81.871,171,13,10,113,277,28,186,3.05e-37,140
5a18982e-569f-4bf0-8e9a-b8bddc66a01b,hsp4,88.889,27,1,1,60,86,6,30,3.26e-05,33.7
5a18982e-569f-4bf0-8e9a-b8bddc66a01b,hsp4,77.778,171,20,10,113,277,28,186,5.16e-28,109
5a18982e-569f-4bf0-8e9a-b8bddc66a01b,hsp4,92.593,27,0,1,60,86,6,30,2.68e-06,37.4
483ead8e-ca03-4368-a32d-1c0f6325478f,hsp4,86.525,141,14,4,68,203,186,46,3.94e-42,156
483ead8e-ca03-4368-a32d-1c0f6325478f,hsp4,86.014,143,11,6,68,203,186,46,5.85e-40,149
5990d6da-8fd7-44eb-b41b-e628a75be042,kcns1,87.793,213,17,7,39,248,1,207,8.89e-69,244
5990d6da-8fd7-44eb-b41b-e628a75be042,kcns1,79.343,213,35,7,39,248,1,207,2.39e-44,163
3f0a3c69-52a2-48c2-89d3-0cd5e7fba305,kcns1,82.609,184,15,7,38,208,216,37,4.48e-47,172
3f0a3c69-52a2-48c2-89d3-0cd5e7fba305,kcns1,79.781,183,22,6,38,208,216,37,1.47e-40,150
432a14bd-ba15-4ad5-87cd-77eb98dad495,kcns1,77.612,201,27,11,85,279,28,216,1.92e-33,127
432a14bd-ba15-4ad5-87cd-77eb98dad495,kcns1,86.022,93,6,3,189,279,129,216,7.64e-26,102
432a14bd-ba15-4ad5-87cd-77eb98dad495,kcns1,73.239,71,15,3,85,152,28,97,3.25e-05,33.7
432a14bd-ba15-4ad5-87cd-77eb98dad495,hsp4,80.000,35,4,3,206,240,43,74,0.21,21.1
30cf1344-e12a-4b21-a388-86986e024f3c,hsp4,84.940,166,12,9,114,273,28,186,1.09e-42,158
30cf1344-e12a-4b21-a388-86986e024f3c,hsp4,81.325,166,18,9,114,273,28,186,1.51e-34,131
30cf1344-e12a-4b21-a388-86986e024f3c,prima1,100.000,11,0,0,237,247,24,34,0.20,21.1
30cf1344-e12a-4b21-a388-86986e024f3c,prima1,100.000,11,0,0,237,247,24,34,0.20,21.1
59369f9d-8d40-4f08-8519-3d0d02137db1,prima1,82.584,178,16,11,38,206,177,6,5.65e-39,145
59369f9d-8d40-4f08-8519-3d0d02137db1,prima1,82.022,178,17,11,38,206,177,6,6.88e-38,141
5d74a14b-5f38-46e2-ae04-b8fff6b6497c,kcns1,88.626,211,13,8,62,265,207,1,2.72e-69,246
5d74a14b-5f38-46e2-ae04-b8fff6b6497c,kcns1,81.043,211,29,8,62,265,207,1,1.41e-47,174
5d74a14b-5f38-46e2-ae04-b8fff6b6497c,hsp4,89.474,19,2,0,126,144,107,89,0.005,26.5
c3b1147a-611e-4564-a778-65c85102ff43,kcns1,81.188,202,27,6,52,246,3,200,3.72e-48,176
c3b1147a-611e-4564-a778-65c85102ff43,kcns1,71.287,202,47,6,52,246,3,200,5.17e-21,86.0
65b28ca7-116d-4ea8-9ab4-20cabcfd10ba,hsp4,83.333,156,17,5,40,189,186,34,1.55e-40,150
65b28ca7-116d-4ea8-9ab4-20cabcfd10ba,hsp4,92.308,26,1,1,226,251,30,6,8.58e-06,35.6
65b28ca7-116d-4ea8-9ab4-20cabcfd10ba,hsp4,80.128,156,22,5,40,189,186,34,1.77e-33,127
65b28ca7-116d-4ea8-9ab4-20cabcfd10ba,hsp4,96.154,26,0,1,226,251,30,6,7.05e-07,39.2
65b28ca7-116d-4ea8-9ab4-20cabcfd10ba,kcns1,92.857,14,1,0,220,233,152,165,0.19,21.1
8ca5b462-d7fa-4ffb-9c1a-bb8757dd7a0d,prima1,87.222,180,6,5,38,203,177,1,1.27e-59,214
8ca5b462-d7fa-4ffb-9c1a-bb8757dd7a0d,prima1,86.111,180,8,5,38,203,177,1,6.60e-57,205
247462d3-2b89-4eed-a099-823fa9aefda1,kcns1,86.818,220,21,5,45,260,216,1,6.22e-71,251
247462d3-2b89-4eed-a099-823fa9aefda1,kcns1,86.364,220,22,5,45,260,216,1,2.65e-69,246
247462d3-2b89-4eed-a099-823fa9aefda1,hsp4,100.000,12,0,0,118,129,107,96,0.055,22.9
d1c7a0f0-064d-4bd3-9651-7b3d5d1e48b8,kcns1,90.826,218,12,6,38,249,1,216,1.03e-80,284
d1c7a0f0-064d-4bd3-9651-7b3d5d1e48b8,kcns1,83.945,218,27,6,38,249,1,216,4.39e-60,215
d1c7a0f0-064d-4bd3-9651-7b3d5d1e48b8,hsp4,89.474,19,2,0,160,178,89,107,0.004,26.5
e3fc80ca-ae00-4fe1-a06c-892921895eb5,kcns1,89.450,218,11,7,78,285,1,216,2.54e-76,269
e3fc80ca-ae00-4fe1-a06c-892921895eb5,kcns1,83.486,218,24,6,78,285,1,216,4.92e-60,215
e3fc80ca-ae00-4fe1-a06c-892921895eb5,gm7,93.333,15,1,0,120,134,123,137,0.060,22.9
24c9826f-bb81-4312-a50a-82772a42b413,gm7,80.097,206,22,12,75,267,6,205,1.59e-40,150
24c9826f-bb81-4312-a50a-82772a42b413,gm7,77.670,206,27,12,75,267,6,205,1.82e-33,127
5386234b-17dc-4814-8fc2-c189962eb4dc,hsp4,91.195,159,9,5,140,293,28,186,2.50e-57,206
5386234b-17dc-4814-8fc2-c189962eb4dc,hsp4,88.050,159,14,5,140,293,28,186,2.85e-50,183
5386234b-17dc-4814-8fc2-c189962eb4dc,hsp4,90.323,31,2,1,69,99,1,30,7.67e-07,39.2
663f76dd-a318-4433-a241-cf685e68043a,gm7,79.426,209,23,10,44,236,205,1,3.43e-42,156
663f76dd-a318-4433-a241-cf685e68043a,gm7,78.947,209,24,10,44,236,205,1,4.18e-41,152
7d6322e3-adf8-4b65-9372-b61f0cf9a0ab,kcns1,93.981,216,8,4,45,255,1,216,5.00e-91,318
7d6322e3-adf8-4b65-9372-b61f0cf9a0ab,kcns1,89.352,216,18,4,45,255,1,216,1.86e-77,273
7d6322e3-adf8-4b65-9372-b61f0cf9a0ab,gm7,89.474,19,2,0,81,99,120,138,0.004,26.5
bddd9754-4dff-45c4-8bfe-a7d85241d4d2,hsp4,87.342,158,10,7,41,188,186,29,4.66e-47,172
bddd9754-4dff-45c4-8bfe-a7d85241d4d2,hsp4,86.709,158,11,7,41,188,186,29,5.68e-46,168
dce2e4a8-df85-4cc9-9ad5-b4da5e8d0ec3,kcns1,89.706,204,15,4,47,244,207,4,1.13e-73,260
dce2e4a8-df85-4cc9-9ad5-b4da5e8d0ec3,kcns1,89.216,204,16,4,47,244,207,4,1.38e-72,257
962472a7-ebd7-484d-8827-c3a3c26bf19b,gm7,74.057,212,34,13,68,265,205,1,1.08e-23,95.1
962472a7-ebd7-484d-8827-c3a3c26bf19b,gm7,72.770,213,35,13,68,265,205,1,5.61e-21,86.0
962472a7-ebd7-484d-8827-c3a3c26bf19b,kcns1,100.000,16,0,0,301,316,173,158,3.79e-04,30.1
962472a7-ebd7-484d-8827-c3a3c26bf19b,kcns1,93.750,16,1,0,301,316,164,149,0.016,24.7
962472a7-ebd7-484d-8827-c3a3c26bf19b,kcns1,93.750,16,1,0,303,318,174,159,0.016,24.7
962472a7-ebd7-484d-8827-c3a3c26bf19b,kcns1,100.000,11,0,0,306,316,159,149,0.20,21.1
1385aed7-5705-4384-8c29-3775c5ed8307,kcns1,92.727,220,8,6,49,264,1,216,3.30e-87,306
1385aed7-5705-4384-8c29-3775c5ed8307,kcns1,84.091,220,27,6,49,264,1,216,3.76e-61,219
1385aed7-5705-4384-8c29-3775c5ed8307,gm7,93.333,15,1,0,92,106,123,137,0.056,22.9
153a4818-26bf-4ad3-acff-05d42fa72662,prima1,84.746,177,9,6,46,204,177,1,1.79e-51,187
153a4818-26bf-4ad3-acff-05d42fa72662,prima1,84.181,177,10,6,46,204,177,1,2.18e-50,183
e36dd350-4947-439e-8098-4b1f2e385ae3,kcns1,87.783,221,17,7,60,275,1,216,5.40e-72,255
e36dd350-4947-439e-8098-4b1f2e385ae3,kcns1,78.281,221,38,7,60,275,1,216,3.19e-43,159
e36dd350-4947-439e-8098-4b1f2e385ae3,hsp4,100.000,12,0,0,188,199,96,107,0.058,22.9
2fcac632-3736-41b8-9f5f-5eadd22eea90,hsp4,88.272,162,6,9,113,264,28,186,1.14e-48,178
2fcac632-3736-41b8-9f5f-5eadd22eea90,hsp4,86.420,162,9,9,113,264,28,186,7.22e-45,165
2fcac632-3736-41b8-9f5f-5eadd22eea90,hsp4,100.000,16,0,0,50,65,2,17,3.75e-04,30.1
2fcac632-3736-41b8-9f5f-5eadd22eea90,prima1,92.857,14,1,0,89,102,61,74,0.19,21.1
2fcac632-3736-41b8-9f5f-5eadd22eea90,prima1,92.857,14,1,0,89,102,61,74,0.19,21.1
d30bb61a-4bea-4d1b-93ff-e4dd0d2fc2c1,gm7,92.929,198,10,4,40,234,205,9,1.20e-79,280
d30bb61a-4bea-4d1b-93ff-e4dd0d2fc2c1,gm7,88.293,205,22,2,40,242,205,1,4.76e-72,255
ffdfe70c-afae-4566-93fd-c2c67ba4eed4,hsp4,91.429,105,3,4,42,145,177,78,3.30e-36,136
ffdfe70c-afae-4566-93fd-c2c67ba4eed4,hsp4,87.619,105,7,4,42,145,177,78,8.85e-31,118
ffdfe70c-afae-4566-93fd-c2c67ba4eed4,hsp4,84.615,26,4,0,222,247,26,1,3.53e-04,30.1
ffdfe70c-afae-4566-93fd-c2c67ba4eed4,kcns1,100.000,11,0,0,117,127,141,131,0.18,21.1
b4eb866e-ee1d-448b-a91b-02c6b1c91ba4,hsp4,88.344,163,6,7,101,254,28,186,6.16e-52,188
b4eb866e-ee1d-448b-a91b-02c6b1c91ba4,hsp4,85.276,163,11,7,101,254,28,186,2.02e-45,167
b4eb866e-ee1d-448b-a91b-02c6b1c91ba4,kcns1,100.000,11,0,0,171,181,130,140,0.19,21.1
b7bac92a-5c05-4f65-9cc7-ac697cc42c4c,kcns1,76.818,220,34,12,39,246,215,1,4.93e-34,129
b7bac92a-5c05-4f65-9cc7-ac697cc42c4c,kcns1,76.364,220,35,12,39,246,215,1,2.09e-32,123
d36f2e27-6411-4912-8c93-a17dcefc38a4,kcns1,84.163,221,21,7,64,279,1,212,3.28e-62,223
d36f2e27-6411-4912-8c93-a17dcefc38a4,kcns1,77.376,221,36,6,64,279,1,212,3.28e-43,159
16a713c1-adb1-4248-9cf0-5c4f7f5ba0c4,hsp4,93.125,160,6,4,40,195,186,28,2.46e-63,226
16a713c1-adb1-4248-9cf0-5c4f7f5ba0c4,hsp4,96.429,28,1,0,228,255,28,1,4.76e-09,46.4
16a713c1-adb1-4248-9cf0-5c4f7f5ba0c4,hsp4,93.125,160,6,4,40,195,186,28,2.46e-63,226
16a713c1-adb1-4248-9cf0-5c4f7f5ba0c4,hsp4,100.000,28,0,0,228,255,28,1,1.12e-10,51.8
0e6c7f5e-d7f5-413a-ac09-55bcc665b170,hsp4,94.969,159,6,2,100,256,28,186,9.11e-69,244
0e6c7f5e-d7f5-413a-ac09-55bcc665b170,hsp4,93.082,159,9,2,100,256,28,186,2.01e-64,230
0e6c7f5e-d7f5-413a-ac09-55bcc665b170,hsp4,96.774,31,0,1,40,70,1,30,1.36e-09,48.2
71bdf623-8693-4b4c-a0e9-96d9508aeba4,prima1,83.908,174,11,7,44,204,170,1,3.97e-47,172
71bdf623-8693-4b4c-a0e9-96d9508aeba4,prima1,83.140,172,16,7,44,204,170,1,2.50e-43,159
71bdf623-8693-4b4c-a0e9-96d9508aeba4,hsp4,100.000,11,0,0,141,151,51,41,0.16,21.1
71bdf623-8693-4b4c-a0e9-96d9508aeba4,hsp4,100.000,11,0,0,141,151,51,41,0.16,21.1
8097d54d-c2c2-4544-a3cf-950d9d332e0f,gm7,83.168,202,22,8,39,229,205,5,2.03e-51,187
8097d54d-c2c2-4544-a3cf-950d9d332e0f,gm7,79.703,202,29,8,39,229,205,5,1.20e-41,154
520a432e-33e4-410c-951c-13f08c00a581,hsp4,83.436,163,11,10,44,194,186,28,7.26e-38,141
520a432e-33e4-410c-951c-13f08c00a581,hsp4,94.444,18,1,0,226,243,26,9,0.001,28.3
520a432e-33e4-410c-951c-13f08c00a581,hsp4,80.368,163,16,10,44,194,186,28,2.37e-31,120
0d22ac8f-920d-4860-bd33-585cefbd6df6,hsp4,86.559,186,18,6,107,287,3,186,3.10e-56,203
0d22ac8f-920d-4860-bd33-585cefbd6df6,hsp4,89.441,161,12,5,130,287,28,186,4.60e-54,196
f9b8311b-76ff-4f59-a8b1-d11abfb35211,hsp4,93.789,161,3,7,124,279,28,186,1.11e-61,221
f9b8311b-76ff-4f59-a8b1-d11abfb35211,hsp4,91.304,161,7,7,124,279,28,186,2.97e-56,203
f9b8311b-76ff-4f59-a8b1-d11abfb35211,hsp4,90.000,30,2,1,65,93,1,30,2.61e-06,37.4
1ac7a54e-1092-4af9-b390-3b77550ddd4f,gm7,82.673,202,23,9,46,239,198,1,1.05e-48,178
1ac7a54e-1092-4af9-b390-3b77550ddd4f,gm7,79.104,201,32,7,46,239,198,1,1.47e-40,150
c0dad567-993d-4b95-b2d6-7b54ee1583b5,hsp4,88.514,148,7,7,44,181,182,35,5.68e-46,168
c0dad567-993d-4b95-b2d6-7b54ee1583b5,hsp4,100.000,30,0,0,219,248,30,1,9.01e-12,55.4
c0dad567-993d-4b95-b2d6-7b54ee1583b5,hsp4,86.486,148,10,7,44,181,182,35,1.25e-41,154
ab992b4e-9db7-463e-b9a4-a879bed9036e,kcns1,92.135,178,9,4,91,266,175,1,9.48e-69,244
ab992b4e-9db7-463e-b9a4-a879bed9036e,kcns1,81.818,176,31,1,91,266,175,1,1.72e-46,170
135f82cc-78b3-45a6-94cc-16c50d521b5b,kcns1,87.500,216,18,7,60,267,2,216,9.60e-69,244
135f82cc-78b3-45a6-94cc-16c50d521b5b,kcns1,85.648,216,22,7,60,267,2,216,2.58e-63,226
135f82cc-78b3-45a6-94cc-16c50d521b5b,gm7,89.474,19,2,0,95,113,120,138,0.005,26.5
f93b3e49-be32-4816-9094-c59590322bbc,kcns1,79.545,220,36,6,37,251,1,216,3.86e-48,176
f93b3e49-be32-4816-9094-c59590322bbc,kcns1,71.560,218,57,4,37,251,1,216,2.44e-25,100
f93b3e49-be32-4816-9094-c59590322bbc,hsp4,100.000,11,0,0,45,55,70,80,0.19,21.1
f8b3cc1d-1010-4aab-8eb2-46fd5f7e4938,kcns1,76.887,212,29,9,55,246,212,1,2.66e-37,140
f8b3cc1d-1010-4aab-8eb2-46fd5f7e4938,kcns1,75.269,93,14,3,163,246,93,1,7.14e-13,59.0
f8b3cc1d-1010-4aab-8eb2-46fd5f7e4938,kcns1,84.091,44,5,2,55,96,212,169,1.92e-07,41.0
89431f89-6f88-42da-8454-51282fa0f8d0,prima1,84.699,183,15,8,65,240,1,177,3.08e-49,179
89431f89-6f88-42da-8454-51282fa0f8d0,prima1,84.153,183,16,8,65,240,1,177,3.76e-48,176
89431f89-6f88-42da-8454-51282fa0f8d0,hsp4,93.750,16,1,0,139,154,144,159,0.015,24.7
89431f89-6f88-42da-8454-51282fa0f8d0,gm7,93.333,15,1,0,129,143,134,148,0.052,22.9
f63e48c3-1fc3-4898-b8d9-55b29ab4068a,kcns1,94.470,217,6,5,43,254,1,216,1.45e-91,320
f63e48c3-1fc3-4898-b8d9-55b29ab4068a,kcns1,84.793,217,27,5,43,254,1,216,2.46e-63,226
f63e48c3-1fc3-4898-b8d9-55b29ab4068a,hsp4,89.474,19,2,0,162,180,89,107,0.004,26.5
5d43b2f1-b99f-42a0-ad8d-f3a5014bb6a9,kcns1,74.477,239,32,13,45,277,1,216,2.34e-32,123
5d43b2f1-b99f-42a0-ad8d-f3a5014bb6a9,kcns1,72.727,242,31,15,45,277,1,216,2.19e-26,104
5d43b2f1-b99f-42a0-ad8d-f3a5014bb6a9,hsp4,76.786,56,10,3,205,260,42,94,1.14e-04,31.9
5d43b2f1-b99f-42a0-ad8d-f3a5014bb6a9,prima1,86.364,22,1,1,253,272,133,154,0.017,24.7
feabfc50-8d96-4ab6-abc4-9caee3eb2e9f,kcns1,80.180,222,27,11,72,282,1,216,6.18e-46,168
feabfc50-8d96-4ab6-abc4-9caee3eb2e9f,kcns1,71.493,221,48,10,72,282,1,216,2.02e-20,84.2
feabfc50-8d96-4ab6-abc4-9caee3eb2e9f,gm7,93.333,15,1,0,108,122,123,137,0.058,22.9
c09aad81-b774-452e-a11c-87fbcaf7e02d,kcns1,72.609,230,42,12,51,275,3,216,2.99e-24,96.9
c09aad81-b774-452e-a11c-87fbcaf7e02d,kcns1,90.000,40,2,1,236,275,179,216,1.12e-10,51.8
c09aad81-b774-452e-a11c-87fbcaf7e02d,kcns1,83.721,43,3,2,51,89,3,45,2.02e-07,41.0
3ca97169-f6ed-42e4-b9d9-b55c8562aa85,hsp4,85.185,162,14,8,93,247,28,186,1.01e-42,158
3ca97169-f6ed-42e4-b9d9-b55c8562aa85,hsp4,80.864,162,21,8,93,247,28,186,5.98e-33,125
32345e90-d10a-4835-a6f5-40e38be2547c,hsp4,94.531,128,3,4,123,248,28,153,7.46e-51,185
32345e90-d10a-4835-a6f5-40e38be2547c,hsp4,92.188,128,6,4,123,248,28,153,4.71e-47,172
2d331e25-3335-4e3e-a034-e4eeae285628,hsp4,92.638,163,6,5,121,278,25,186,3.22e-62,223
2d331e25-3335-4e3e-a034-e4eeae285628,hsp4,92.025,163,7,5,121,278,25,186,3.92e-61,219
2d331e25-3335-4e3e-a034-e4eeae285628,hsp4,100.000,14,0,0,52,65,1,14,0.005,26.5
6b5a6762-76e2-41c8-afae-0a361b689f44,kcns1,83.408,223,25,6,43,260,1,216,3.59e-61,219
6b5a6762-76e2-41c8-afae-0a361b689f44,kcns1,77.578,223,38,6,43,260,1,216,8.45e-44,161
6b5a6762-76e2-41c8-afae-0a361b689f44,hsp4,100.000,12,0,0,177,188,96,107,0.053,22.9
585395b3-b55c-4b7a-ab7c-91c397ccca6d,prima1,83.616,177,13,7,66,230,5,177,4.34e-47,172
585395b3-b55c-4b7a-ab7c-91c397ccca6d,prima1,83.051,177,14,7,66,230,5,177,1.84e-45,167
585395b3-b55c-4b7a-ab7c-91c397ccca6d,kcns1,92.857,14,1,0,122,135,32,45,0.17,21.1
585395b3-b55c-4b7a-ab7c-91c397ccca6d,kcns1,92.857,14,1,0,122,135,32,45,0.17,21.1
585395b3-b55c-4b7a-ab7c-91c397ccca6d,hsp4,79.167,24,5,0,200,223,48,71,0.17,21.1
f603813f-a54c-4506-bdbd-fceca1e641a9,kcns1,86.096,187,17,7,53,234,210,28,1.23e-54,197
f603813f-a54c-4506-bdbd-fceca1e641a9,kcns1,76.995,213,38,9,53,259,210,3,4.31e-35,132
f603813f-a54c-4506-bdbd-fceca1e641a9,hsp4,100.000,11,0,0,121,131,107,97,0.20,21.1
3a7f952d-964a-4163-ba8e-3bc8e9363d02,kcns1,68.282,227,39,14,53,264,1,209,1.15e-10,51.8
3a7f952d-964a-4163-ba8e-3bc8e9363d02,kcns1,79.545,44,2,1,53,89,1,44,2.09e-07,41.0
dc329d7f-f19b-4e2e-9525-e0af2cd0c517,prima1,74.033,181,33,9,80,250,177,1,1.50e-21,87.8
dc329d7f-f19b-4e2e-9525-e0af2cd0c517,prima1,73.481,181,34,9,80,250,177,1,6.39e-20,82.4
7ec23802-4b29-43d0-9caa-d1ea5b869a82,prima1,86.364,176,10,7,43,213,6,172,1.50e-52,190
7ec23802-4b29-43d0-9caa-d1ea5b869a82,prima1,85.795,176,11,7,43,213,6,172,1.82e-51,187
7ec23802-4b29-43d0-9caa-d1ea5b869a82,kcns1,88.235,17,2,0,101,117,33,49,0.046,22.9
7ec23802-4b29-43d0-9caa-d1ea5b869a82,kcns1,88.235,17,2,0,101,117,33,49,0.046,22.9
7ec23802-4b29-43d0-9caa-d1ea5b869a82,hsp4,79.167,24,5,0,188,211,48,71,0.16,21.1
85ddc149-b5a2-4921-b909-1bcfbe8783de,hsp4,77.703,148,11,10,135,266,29,170,3.88e-23,93.3
85ddc149-b5a2-4921-b909-1bcfbe8783de,hsp4,73.469,147,19,9,135,266,29,170,1.55e-15,68.0
85ddc149-b5a2-4921-b909-1bcfbe8783de,kcns1,100.000,11,0,0,312,322,169,159,0.20,21.1
36842a32-f93d-4092-882d-52cc71f708f5,prima1,84.971,173,15,8,62,226,172,3,5.13e-46,168
36842a32-f93d-4092-882d-52cc71f708f5,prima1,100.000,11,0,0,158,168,175,165,0.17,21.1
36842a32-f93d-4092-882d-52cc71f708f5,prima1,84.393,173,16,8,62,226,172,3,6.25e-45,165
36842a32-f93d-4092-882d-52cc71f708f5,prima1,100.000,11,0,0,158,168,175,165,0.17,21.1
5bf65aac-1828-4e4e-9e2e-a61e6b0977af,prima1,86.857,175,12,6,45,212,5,175,3.65e-54,196
5bf65aac-1828-4e4e-9e2e-a61e6b0977af,prima1,86.286,175,13,6,45,212,5,175,1.55e-52,190
c36b3e65-5a78-403f-ac27-b841f77f281f,kcns1,84.456,193,17,6,72,253,191,1,1.18e-54,197
c36b3e65-5a78-403f-ac27-b841f77f281f,kcns1,76.410,195,33,7,70,253,193,1,6.13e-33,125
c36b3e65-5a78-403f-ac27-b841f77f281f,hsp4,100.000,12,0,0,122,133,107,96,0.054,22.9
c36b3e65-5a78-403f-ac27-b841f77f281f,gm7,92.857,14,1,0,202,215,133,120,0.19,21.1
637d248f-766f-4819-81b9-93c2b7fa3b38,kcns1,84.579,214,20,5,40,248,1,206,2.33e-63,226
637d248f-766f-4819-81b9-93c2b7fa3b38,kcns1,75.234,214,40,5,40,248,1,206,3.24e-36,136
0d83a1f9-05be-4891-bfe3-4e657648d1b3,kcns1,73.953,215,23,9,40,228,1,208,5.31e-33,125
0d83a1f9-05be-4891-bfe3-4e657648d1b3,kcns1,90.566,53,3,2,40,92,1,51,4.36e-15,66.2
0d83a1f9-05be-4891-bfe3-4e657648d1b3,gm7,93.333,15,1,0,80,94,120,134,0.047,22.9
a5376e8a-e4fc-4366-b89c-02f831790974,hsp4,80.000,85,9,3,57,137,186,106,1.26e-16,71.6
a5376e8a-e4fc-4366-b89c-02f831790974,hsp4,74.016,127,23,5,57,177,186,64,1.54e-15,68.0
656a5467-4d27-4799-88cd-4031df8185f8,kcns1,82.743,226,20,12,38,254,216,1,4.29e-54,196
656a5467-4d27-4799-88cd-4031df8185f8,kcns1,80.973,226,24,12,38,254,216,1,1.15e-48,178
656a5467-4d27-4799-88cd-4031df8185f8,gm7,93.333,15,1,0,206,220,134,120,0.056,22.9
c7edaad6-ceae-467d-b800-d73ea35e50da,kcns1,79.245,212,34,7,50,253,216,7,8.10e-44,161
c7edaad6-ceae-467d-b800-d73ea35e50da,kcns1,71.226,212,51,7,50,253,216,7,5.12e-21,86.0
0d961a37-c076-45dc-beb5-b927de658ae4,kcns1,86.099,223,18,9,40,256,1,216,1.62e-65,233
0d961a37-c076-45dc-beb5-b927de658ae4,kcns1,81.614,223,28,9,40,256,1,216,6.06e-52,188
0d961a37-c076-45dc-beb5-b927de658ae4,gm7,89.474,19,2,0,79,97,120,138,0.004,26.5
ad046947-ad8d-4c4e-bf97-00d6e7d712ab,hsp4,83.537,164,13,11,129,283,28,186,1.07e-36,138
ad046947-ad8d-4c4e-bf97-00d6e7d712ab,hsp4,80.488,164,18,11,129,283,28,186,1.22e-29,114
83b835c1-9e29-446a-812d-0450486abe37,hsp4,70.833,144,29,8,45,177,182,41,4.60e-09,46.4
83b835c1-9e29-446a-812d-0450486abe37,hsp4,100.000,11,0,0,231,241,22,12,0.18,21.1
83b835c1-9e29-446a-812d-0450486abe37,hsp4,91.429,35,0,2,45,77,182,149,1.61e-08,44.6
83b835c1-9e29-446a-812d-0450486abe37,hsp4,100.000,11,0,0,231,241,22,12,0.18,21.1
34b06b0a-4583-497c-a86c-625e6322687c,hsp4,91.304,161,6,5,91,245,28,186,5.16e-59,212
34b06b0a-4583-497c-a86c-625e6322687c,hsp4,96.667,30,0,1,32,60,1,30,4.54e-09,46.4
34b06b0a-4583-497c-a86c-625e6322687c,hsp4,88.199,161,11,5,91,245,28,186,1.69e-52,190
e15042d0-61df-463f-8835-db26debd0ea9,kcns1,81.081,185,18,9,63,241,11,184,1.74e-40,150
e15042d0-61df-463f-8835-db26debd0ea9,kcns1,75.897,195,28,12,55,241,1,184,2.26e-26,104
e15042d0-61df-463f-8835-db26debd0ea9,gm7,88.889,18,2,0,91,108,120,137,0.017,24.7
68d6711d-5900-4bd2-baeb-eb49a4a56813,kcns1,90.291,206,13,3,57,259,15,216,5.43e-78,275
68d6711d-5900-4bd2-baeb-eb49a4a56813,kcns1,83.010,206,28,3,57,259,15,216,2.31e-57,206
b68b7a58-6664-430a-8556-a7564dce68ab,prima1,88.136,177,8,10,62,230,6,177,4.65e-53,192
b68b7a58-6664-430a-8556-a7564dce68ab,prima1,86.441,177,11,9,62,230,6,177,2.41e-50,183
78d936a2-5fd1-40c0-b36d-2d808dbcf4f2,hsp4,93.125,160,5,6,112,266,28,186,1.33e-60,217
78d936a2-5fd1-40c0-b36d-2d808dbcf4f2,hsp4,92.500,160,6,6,112,266,28,186,1.62e-59,214
3c0bd0ba-9cf9-41f4-8ed9-3c42a547cd5b,kcns1,89.862,217,9,8,41,249,1,212,8.15e-76,268
3c0bd0ba-9cf9-41f4-8ed9-3c42a547cd5b,kcns1,83.410,217,23,8,41,249,1,212,8.15e-57,205
3c0bd0ba-9cf9-41f4-8ed9-3c42a547cd5b,gm7,93.333,15,1,0,80,94,120,134,0.055,22.9
b8cc96ae-4c3e-463e-8692-70cb5cf561ae,prima1,83.523,176,6,8,54,209,5,177,4.00e-47,172
b8cc96ae-4c3e-463e-8692-70cb5cf561ae,prima1,82.759,174,11,8,54,209,5,177,2.52e-43,159
b8cc96ae-4c3e-463e-8692-70cb5cf561ae,hsp4,79.167,24,5,0,179,202,48,71,0.16,21.1
a5419234-bc78-46c8-9417-fd3c28e73d62,hsp4,74.150,147,24,8,41,179,182,42,1.18e-16,71.6
a5419234-bc78-46c8-9417-fd3c28e73d62,hsp4,72.109,147,27,8,41,179,182,42,2.61e-12,57.2
a5419234-bc78-46c8-9417-fd3c28e73d62,hsp4,90.000,30,3,0,227,256,30,1,2.00e-07,41.0
ee45681d-c3ca-49fa-8f98-f710fbd5a6dd,hsp4,84.146,164,7,9,112,259,26,186,3.68e-42,156
ee45681d-c3ca-49fa-8f98-f710fbd5a6dd,hsp4,83.537,164,8,9,112,259,26,186,1.56e-40,150
2729229a-7f98-41ba-a17f-78a04af07757,kcns1,84.685,222,22,11,46,261,216,1,6.72e-58,208
2729229a-7f98-41ba-a17f-78a04af07757,kcns1,82.883,222,26,11,46,261,216,1,1.80e-52,190
2729229a-7f98-41ba-a17f-78a04af07757,gm7,89.474,19,2,0,205,223,138,120,0.005,26.5
17bb68db-e1df-48ab-9a2c-ea31c66da398,gm7,76.238,202,35,10,65,256,1,199,1.12e-29,114
17bb68db-e1df-48ab-9a2c-ea31c66da398,gm7,75.377,199,32,11,70,256,6,199,2.03e-26,104
8450cfda-65f7-4933-846e-9e13f489f58e,kcns1,77.619,210,37,6,39,238,2,211,5.04e-40,149
8450cfda-65f7-4933-846e-9e13f489f58e,kcns1,83.333,78,11,1,39,114,2,79,2.15e-19,80.6
8450cfda-65f7-4933-846e-9e13f489f58e,kcns1,100.000,33,0,0,206,238,179,211,2.01e-13,60.8
8450cfda-65f7-4933-846e-9e13f489f58e,gm7,88.889,18,2,0,74,91,120,137,0.014,24.7
2d16856b-f128-41c7-8759-adf1a8c80344,gm7,78.061,196,32,5,42,230,7,198,1.73e-39,147
2d16856b-f128-41c7-8759-adf1a8c80344,gm7,75.000,196,38,5,42,230,7,198,2.41e-31,120
d3565ba1-987e-48f6-9af2-d0e8bf2889ad,hsp4,90.323,31,2,1,223,253,30,1,7.00e-07,39.2
d3565ba1-987e-48f6-9af2-d0e8bf2889ad,prima1,100.000,11,0,0,222,232,161,171,0.19,21.1
d3565ba1-987e-48f6-9af2-d0e8bf2889ad,prima1,100.000,11,0,0,222,232,161,171,0.19,21.1
9ff56bfe-fc96-48dd-a180-93893930d2fc,gm7,73.460,211,31,13,41,239,8,205,3.40e-23,93.3
9ff56bfe-fc96-48dd-a180-93893930d2fc,gm7,72.038,211,34,13,41,239,8,205,7.49e-19,78.8
12acec75-4342-4c1d-ab74-b819aada3009,kcns1,82.273,220,29,7,41,254,1,216,3.51e-55,199
12acec75-4342-4c1d-ab74-b819aada3009,kcns1,76.818,220,41,6,41,254,1,216,5.57e-40,149
12acec75-4342-4c1d-ab74-b819aada3009,gm7,88.889,18,2,0,79,96,120,137,0.016,24.7
12acec75-4342-4c1d-ab74-b819aada3009,hsp4,93.333,15,1,0,170,184,93,107,0.056,22.9
08cd58a4-b0d5-4797-9643-a20f92a6b4c6,kcns1,84.977,213,22,6,62,265,212,1,2.89e-62,223
08cd58a4-b0d5-4797-9643-a20f92a6b4c6,kcns1,76.168,214,39,7,62,265,212,1,3.30e-36,136
08cd58a4-b0d5-4797-9643-a20f92a6b4c6,gm7,86.364,22,3,0,50,71,113,92,0.004,26.5
1b9330b8-14ab-4710-9160-d550f4921a0a,kcns1,80.269,223,34,7,67,286,1,216,1.03e-49,181
1b9330b8-14ab-4710-9160-d550f4921a0a,kcns1,71.300,223,54,7,67,286,1,216,1.43e-22,91.5
349af9c2-eb76-4a30-8ca0-ab9862f5ea24,kcns1,82.949,217,22,8,59,263,3,216,2.86e-56,203
349af9c2-eb76-4a30-8ca0-ab9862f5ea24,kcns1,81.567,217,25,8,59,263,3,216,6.29e-52,188
349af9c2-eb76-4a30-8ca0-ab9862f5ea24,gm7,88.889,18,2,0,91,108,120,137,0.016,24.7
98050133-b2d2-49cb-9098-9f5c18fb0d5f,hsp4,90.446,157,6,5,110,258,31,186,9.97e-56,201
98050133-b2d2-49cb-9098-9f5c18fb0d5f,hsp4,87.898,157,10,5,110,258,31,186,2.67e-50,183
65f9befb-fa56-46ea-88fd-157ab80425d7,kcns1,91.534,189,15,1,41,229,29,216,2.57e-75,266
65f9befb-fa56-46ea-88fd-157ab80425d7,kcns1,81.818,187,33,1,43,229,31,216,8.40e-50,181
1a6fdd50-d979-471a-9c55-74d044cc279f,hsp4,76.027,146,23,10,78,215,182,41,1.37e-16,71.6
1a6fdd50-d979-471a-9c55-74d044cc279f,hsp4,71.918,146,29,8,78,215,182,41,3.66e-11,53.6
1a6fdd50-d979-471a-9c55-74d044cc279f,hsp4,85.294,34,1,2,259,292,30,1,3.43e-05,33.7
61257d2e-2b6e-4ffb-b3be-2302e0f69257,hsp4,89.677,155,5,7,162,310,37,186,2.55e-51,187
61257d2e-2b6e-4ffb-b3be-2302e0f69257,hsp4,87.742,155,8,7,162,310,37,186,5.61e-47,172
568f1050-7403-4120-bf11-d02601c469ae,hsp4,84.810,158,15,6,128,277,28,184,1.13e-42,158
568f1050-7403-4120-bf11-d02601c469ae,hsp4,85.443,158,14,7,128,277,28,184,1.13e-42,158
568f1050-7403-4120-bf11-d02601c469ae,hsp4,84.848,33,2,1,55,87,1,30,9.28e-06,35.6
b3977c96-38cc-4499-aca5-23e1aad970bc,prima1,94.286,175,2,5,58,227,5,176,4.56e-72,255
b3977c96-38cc-4499-aca5-23e1aad970bc,prima1,92.571,175,5,5,58,227,5,176,2.88e-68,242
e6fb7b06-0dbf-4355-aa66-d67139a0d8a2,gm7,73.077,208,38,12,45,246,6,201,5.36e-21,86.0
e6fb7b06-0dbf-4355-aa66-d67139a0d8a2,gm7,72.512,211,40,12,42,246,3,201,6.53e-20,82.4
f6ed36fd-1662-4250-8757-8e2811b00bad,hsp4,90.625,160,6,7,107,258,28,186,1.17e-54,197
f6ed36fd-1662-4250-8757-8e2811b00bad,hsp4,95.652,23,1,0,44,66,5,27,2.42e-06,37.4
f6ed36fd-1662-4250-8757-8e2811b00bad,hsp4,89.937,159,9,6,107,258,28,186,1.43e-53,194
f6ed36fd-1662-4250-8757-8e2811b00bad,hsp4,91.304,23,2,0,44,66,5,27,2.95e-05,33.7
ba4049d2-9542-490d-b2bf-b7549e7ec853,hsp4,73.585,159,29,8,43,194,186,34,3.44e-17,73.4
ba4049d2-9542-490d-b2bf-b7549e7ec853,hsp4,72.956,159,30,8,43,194,186,34,4.19e-16,69.8
ba4049d2-9542-490d-b2bf-b7549e7ec853,kcns1,100.000,11,0,0,229,239,167,177,0.19,21.1
0623bbd6-91b2-4024-88b4-a5f2f6c63baf,hsp4,85.119,168,8,9,117,276,28,186,7.61e-45,165
0623bbd6-91b2-4024-88b4-a5f2f6c63baf,hsp4,84.524,168,9,9,117,276,28,186,9.27e-44,161
c9c5009a-2d0e-4882-acc3-e77293204d48,gm7,76.526,213,33,10,63,266,1,205,5.32e-34,129
c9c5009a-2d0e-4882-acc3-e77293204d48,gm7,77.033,209,29,12,68,266,6,205,2.26e-32,123
72f5e260-b96f-4e79-9a54-8cd52cfdb00b,kcns1,88.073,218,17,5,47,263,1,210,3.53e-74,262
72f5e260-b96f-4e79-9a54-8cd52cfdb00b,kcns1,87.615,218,18,5,47,263,1,210,1.50e-72,257
72f5e260-b96f-4e79-9a54-8cd52cfdb00b,gm7,89.474,19,2,0,86,104,120,138,0.005,26.5
e261d294-98e6-458a-96fc-bbe37826ad84,gm7,85.648,216,10,13,61,266,1,205,1.95e-58,210
e261d294-98e6-458a-96fc-bbe37826ad84,gm7,83.333,216,15,13,61,266,1,205,6.37e-52,188
30b82223-45cf-4b84-ab85-57f471194f78,hsp4,88.957,163,7,8,116,270,27,186,2.30e-51,187
30b82223-45cf-4b84-ab85-57f471194f78,hsp4,84.663,163,14,8,116,270,27,186,3.90e-42,156
82696961-ba4a-4d41-8f5e-5a9ce16f9026,kcns1,86.175,217,21,7,55,263,1,216,1.70e-65,233
82696961-ba4a-4d41-8f5e-5a9ce16f9026,kcns1,84.332,217,25,7,55,263,1,216,4.57e-60,215
8da1dace-0870-41fa-8858-8e85b3375ce7,hsp4,84.270,89,7,3,53,137,186,101,1.33e-22,91.5
8da1dace-0870-41fa-8858-8e85b3375ce7,hsp4,78.652,89,12,3,53,137,186,101,1.52e-15,68.0
8da1dace-0870-41fa-8858-8e85b3375ce7,hsp4,96.667,30,1,0,237,266,30,1,4.07e-10,50.0
8b879766-4c75-410b-8dc7-f352785d0f2e,kcns1,86.607,224,17,6,47,265,1,216,1.82e-71,253
8b879766-4c75-410b-8dc7-f352785d0f2e,kcns1,79.018,224,34,5,47,265,1,216,9.43e-50,181
8b879766-4c75-410b-8dc7-f352785d0f2e,gm7,88.889,18,2,0,80,97,120,137,0.016,24.7
8b879766-4c75-410b-8dc7-f352785d0f2e,hsp4,100.000,12,0,0,171,182,96,107,0.056,22.9
02279695-afed-468a-8b77-6bb116e85847,hsp4,84.472,161,12,9,97,249,31,186,5.33e-40,149
02279695-afed-468a-8b77-6bb116e85847,hsp4,92.593,27,2,0,45,71,4,30,1.99e-07,41.0
02279695-afed-468a-8b77-6bb116e85847,hsp4,84.472,161,12,9,97,249,31,186,5.33e-40,149
02279695-afed-468a-8b77-6bb116e85847,hsp4,96.296,27,1,0,45,71,4,30,1.63e-08,44.6
0e88f340-e7cb-44fb-8204-e56c47fc5cca,kcns1,85.586,222,14,11,38,249,3,216,2.90e-62,223
0e88f340-e7cb-44fb-8204-e56c47fc5cca,kcns1,76.923,221,35,10,38,249,3,216,9.48e-37,138
0e88f340-e7cb-44fb-8204-e56c47fc5cca,gm7,93.333,15,1,0,74,88,120,134,0.053,22.9
7c61f61c-5254-4111-97e2-5786aae0c77b,kcns1,80.000,220,27,11,64,270,216,1,7.46e-45,165
7c61f61c-5254-4111-97e2-5786aae0c77b,kcns1,73.636,220,41,11,64,270,216,1,7.47e-26,102
8b88869b-dd9b-4251-9578-e7c5d38558b0,hsp4,89.677,155,4,6,127,274,37,186,5.33e-53,192
8b88869b-dd9b-4251-9578-e7c5d38558b0,hsp4,89.032,155,5,6,127,274,37,186,2.27e-51,187
5d46e919-55b6-4a89-8883-d6dcd0b92312,hsp4,81.977,172,12,11,100,266,28,185,9.28e-37,138
5d46e919-55b6-4a89-8883-d6dcd0b92312,hsp4,100.000,21,0,0,48,68,10,30,6.69e-07,39.2
5d46e919-55b6-4a89-8883-d6dcd0b92312,hsp4,80.814,172,14,12,100,266,28,185,5.86e-33,125
5d46e919-55b6-4a89-8883-d6dcd0b92312,hsp4,100.000,19,0,0,50,68,12,30,8.15e-06,35.6
f7915d13-3e56-44a6-b4ee-e3687510db30,kcns1,81.364,220,25,8,44,253,214,1,1.77e-52,190
f7915d13-3e56-44a6-b4ee-e3687510db30,kcns1,79.545,220,29,9,44,253,214,1,5.79e-46,168
f7915d13-3e56-44a6-b4ee-e3687510db30,gm7,93.333,15,1,0,204,218,138,124,0.054,22.9
de066b47-38a5-49fc-9c69-3c761587f4d1,kcns1,84.545,220,22,7,40,254,214,2,3.01e-62,223
de066b47-38a5-49fc-9c69-3c761587f4d1,kcns1,78.636,220,35,7,40,254,214,2,7.08e-45,165
de066b47-38a5-49fc-9c69-3c761587f4d1,hsp4,100.000,12,0,0,116,127,107,96,0.055,22.9
de066b47-38a5-49fc-9c69-3c761587f4d1,gm7,100.000,12,0,0,32,43,113,102,0.055,22.9
cb3bae64-a1b3-4a06-9020-5a56d5608a86,kcns1,80.804,224,20,10,65,273,1,216,2.28e-51,187
cb3bae64-a1b3-4a06-9020-5a56d5608a86,kcns1,75.893,224,31,10,65,273,1,216,3.61e-36,136
e3806d55-221d-448c-a101-6bfbf4e97a93,kcns1,80.180,222,25,10,41,250,216,2,1.33e-47,174
e3806d55-221d-448c-a101-6bfbf4e97a93,kcns1,75.225,222,36,10,41,250,216,2,6.02e-33,125
e3806d55-221d-448c-a101-6bfbf4e97a93,gm7,88.889,18,2,0,196,213,137,120,0.015,24.7
ec444268-ddb2-4c86-826d-c37a3c04f8cb,hsp4,84.431,167,10,9,123,279,26,186,1.13e-42,158
ec444268-ddb2-4c86-826d-c37a3c04f8cb,hsp4,83.832,167,11,9,123,279,26,186,1.38e-41,154
b57ace7d-ac23-4a5a-a852-d75259965bef,hsp4,74.118,170,22,9,107,263,26,186,1.58e-21,87.8
b57ace7d-ac23-4a5a-a852-d75259965bef,hsp4,100.000,11,0,0,51,61,1,11,0.19,21.1
b57ace7d-ac23-4a5a-a852-d75259965bef,hsp4,73.529,170,23,10,107,263,26,186,8.20e-19,78.8
d3013401-3636-40af-ab6f-763571b95f6c,kcns1,83.105,219,28,5,39,251,1,216,1.55e-59,214
d3013401-3636-40af-ab6f-763571b95f6c,kcns1,79.909,219,35,5,39,251,1,216,2.62e-50,183
3f4bf4ee-8495-4696-9ea6-7bb756b27ee8,kcns1,90.498,221,13,8,55,272,1,216,5.64e-78,275
3f4bf4ee-8495-4696-9ea6-7bb756b27ee8,kcns1,88.235,221,18,8,55,272,1,216,1.84e-71,253
3f4bf4ee-8495-4696-9ea6-7bb756b27ee8,gm7,78.788,33,5,1,99,131,124,154,0.005,26.5
d7f45fc2-9d8b-4cad-a4de-fbacc8aeacdd,kcns1,89.450,218,10,6,42,248,1,216,5.25e-78,275
d7f45fc2-9d8b-4cad-a4de-fbacc8aeacdd,kcns1,80.645,217,31,5,42,248,1,216,1.72e-52,190
d7f45fc2-9d8b-4cad-a4de-fbacc8aeacdd,hsp4,89.474,19,2,0,155,173,89,107,0.004,26.5
d7f45fc2-9d8b-4cad-a4de-fbacc8aeacdd,gm7,92.857,14,1,0,78,91,120,133,0.18,21.1
7f441809-f1b0-4157-8120-a1273568c040,kcns1,78.537,205,28,8,70,265,19,216,1.63e-40,150
7f441809-f1b0-4157-8120-a1273568c040,kcns1,73.659,205,38,7,70,265,19,216,5.00e-28,109
15e931ce-ba25-4c8b-adab-115a58297cea,kcns1,81.333,225,26,11,43,260,1,216,9.40e-50,181
15e931ce-ba25-4c8b-adab-115a58297cea,kcns1,74.667,225,41,11,43,260,1,216,1.15e-29,114
15e931ce-ba25-4c8b-adab-115a58297cea,hsp4,76.316,38,4,2,215,247,64,101,0.016,24.7
5b01e8f9-ec2d-4dc4-afda-c67a99fb452b,kcns1,88.636,220,13,9,51,268,7,216,5.21e-72,255
5b01e8f9-ec2d-4dc4-afda-c67a99fb452b,kcns1,80.909,220,30,9,51,268,7,216,1.15e-48,178
5b01e8f9-ec2d-4dc4-afda-c67a99fb452b,gm7,80.645,31,5,1,89,118,123,153,0.005,26.5
c13964e4-3cd0-4f71-9e0e-0fb3251b8ae1,kcns1,87.500,224,15,6,58,276,1,216,3.68e-74,262
c13964e4-3cd0-4f71-9e0e-0fb3251b8ae1,kcns1,81.696,224,28,6,58,276,1,216,8.67e-57,205
c13964e4-3cd0-4f71-9e0e-0fb3251b8ae1,gm7,88.889,18,2,0,94,111,120,137,0.017,24.7
6a0885bd-8941-46ba-842a-63d1a0e1ac4d,hsp4,92.593,27,2,0,224,250,27,1,2.01e-07,41.0
6a0885bd-8941-46ba-842a-63d1a0e1ac4d,hsp4,85.714,35,0,2,43,72,182,148,2.45e-06,37.4
6a0885bd-8941-46ba-842a-63d1a0e1ac4d,hsp4,85.714,35,0,2,43,72,182,148,2.45e-06,37.4
16de8de1-0466-4eaa-88c1-e87bf2726ecd,kcns1,81.364,220,33,8,43,258,1,216,2.64e-50,183
16de8de1-0466-4eaa-88c1-e87bf2726ecd,kcns1,76.364,220,44,8,43,258,1,216,1.20e-35,134
16de8de1-0466-4eaa-88c1-e87bf2726ecd,gm7,89.474,19,2,0,80,98,120,138,0.004,26.5
ee6a58a4-4ecd-4581-85b8-f5eeed58c72a,gm7,74.648,213,37,10,74,282,200,1,1.51e-28,111
ee6a58a4-4ecd-4581-85b8-f5eeed58c72a,gm7,72.300,213,42,10,74,282,200,1,4.92e-22,89.7
e194ca30-f779-41d4-97af-ffbe2a33fa5b,hsp4,89.024,164,4,9,100,254,28,186,2.16e-51,187
e194ca30-f779-41d4-97af-ffbe2a33fa5b,hsp4,84.663,163,13,7,100,254,28,186,8.60e-44,161
e194ca30-f779-41d4-97af-ffbe2a33fa5b,hsp4,100.000,30,0,0,37,66,1,30,9.20e-12,55.4
e194ca30-f779-41d4-97af-ffbe2a33fa5b,kcns1,100.000,11,0,0,167,177,131,141,0.19,21.1
6b9af34e-e80b-49fe-be1d-235afba6f1b8,kcns1,85.333,225,18,8,57,276,2,216,5.07e-66,235
6b9af34e-e80b-49fe-be1d-235afba6f1b8,kcns1,79.111,225,32,8,57,276,2,216,5.08e-47,172
6b9af34e-e80b-49fe-be1d-235afba6f1b8,gm7,88.889,18,2,0,99,116,120,137,0.017,24.7
6b9af34e-e80b-49fe-be1d-235afba6f1b8,hsp4,100.000,12,0,0,188,199,96,107,0.058,22.9
87709cb4-fb46-4fda-ab37-0abaa09cdc2a,kcns1,83.482,224,23,10,48,265,1,216,8.24e-57,205
87709cb4-fb46-4fda-ab37-0abaa09cdc2a,kcns1,77.679,224,36,10,48,265,1,216,1.94e-39,147
8abf1f11-5da8-44c3-b685-8e496ffdd64b,kcns1,79.821,223,31,11,39,254,1,216,2.43e-44,163
8abf1f11-5da8-44c3-b685-8e496ffdd64b,kcns1,72.768,224,45,10,39,254,1,216,8.49e-25,98.7
f730ad95-fd25-43bc-b03a-d16b15a657e2,prima1,78.212,179,26,6,53,220,177,1,3.62e-35,132
f730ad95-fd25-43bc-b03a-d16b15a657e2,prima1,76.536,179,29,6,53,220,177,1,7.98e-31,118
f730ad95-fd25-43bc-b03a-d16b15a657e2,hsp4,100.000,12,0,0,187,198,160,149,0.047,22.9
f730ad95-fd25-43bc-b03a-d16b15a657e2,hsp4,100.000,12,0,0,187,198,160,149,0.047,22.9
a83fb8ce-ab7a-4a33-8381-e0de46df0b2b,prima1,88.202,178,6,5,40,203,177,1,1.05e-60,217
a83fb8ce-ab7a-4a33-8381-e0de46df0b2b,prima1,87.640,178,7,5,40,203,177,1,1.27e-59,214
4594dbe5-d674-498b-8b56-27dad33e5542,kcns1,76.682,223,27,12,44,253,216,6,3.44e-36,136
4594dbe5-d674-498b-8b56-27dad33e5542,kcns1,74.554,224,30,13,44,253,216,6,3.92e-29,113
cc96aeaf-70db-4988-ae6d-e558662bed7f,kcns1,81.818,220,30,6,45,261,213,1,3.46e-55,199
cc96aeaf-70db-4988-ae6d-e558662bed7f,kcns1,80.000,140,25,2,123,261,138,1,2.66e-31,120
cc96aeaf-70db-4988-ae6d-e558662bed7f,kcns1,90.000,40,3,1,45,84,213,175,1.13e-10,51.8
cc96aeaf-70db-4988-ae6d-e558662bed7f,gm7,88.889,18,2,0,204,221,137,120,0.016,24.7
eb1d92e0-dd64-4046-ba88-e5a17dcbf611,kcns1,86.036,222,19,6,55,270,216,1,9.51e-69,244
eb1d92e0-dd64-4046-ba88-e5a17dcbf611,kcns1,82.727,220,30,5,55,270,216,1,1.96e-58,210
a1960474-a12f-45a1-9026-f763e581542e,hsp4,82.166,157,20,7,101,252,28,181,4.26e-35,132
a1960474-a12f-45a1-9026-f763e581542e,hsp4,77.640,161,20,8,101,252,28,181,1.69e-27,107
4ee91619-8d22-4cd9-bbd0-449f6f5316d5,kcns1,84.343,198,24,4,57,247,198,1,2.21e-57,206
4ee91619-8d22-4cd9-bbd0-449f6f5316d5,kcns1,76.768,198,39,4,57,247,198,1,9.41e-37,138
b4e9e0f9-52a6-4dc1-b093-9f04091a0a62,hsp4,82.014,139,16,6,59,192,174,40,2.70e-31,120
b4e9e0f9-52a6-4dc1-b093-9f04091a0a62,hsp4,96.667,30,1,0,235,264,30,1,4.02e-10,50.0
b4e9e0f9-52a6-4dc1-b093-9f04091a0a62,hsp4,79.137,139,20,6,59,192,174,40,7.25e-26,102
c52c528c-3798-4081-b3f2-dba5bf2e68ca,kcns1,81.982,222,21,11,52,260,216,1,6.29e-52,188
c52c528c-3798-4081-b3f2-dba5bf2e68ca,kcns1,79.279,222,27,11,52,260,216,1,8.74e-44,161
c52c528c-3798-4081-b3f2-dba5bf2e68ca,gm7,93.750,16,0,1,206,221,138,124,0.19,21.1
eabe50b7-ee42-4b9c-a817-b227a0884c08,hsp4,90.244,164,6,7,110,268,28,186,1.02e-55,201
eabe50b7-ee42-4b9c-a817-b227a0884c08,hsp4,100.000,13,0,0,59,71,13,25,0.016,24.7
eabe50b7-ee42-4b9c-a817-b227a0884c08,hsp4,87.805,164,10,7,110,268,28,186,2.73e-50,183
eabe50b7-ee42-4b9c-a817-b227a0884c08,hsp4,100.000,13,0,0,59,71,13,25,0.016,24.7
cca940ce-4333-446d-ab3d-57b65a2de92f,prima1,87.273,110,5,5,48,148,10,119,6.06e-32,122
cca940ce-4333-446d-ab3d-57b65a2de92f,prima1,86.364,110,6,5,48,148,10,119,2.58e-30,116
31d51a6a-c495-42f3-95d6-1d7170e50e6d,kcns1,79.111,225,32,10,55,273,216,1,2.60e-44,163
31d51a6a-c495-42f3-95d6-1d7170e50e6d,kcns1,79.018,224,34,9,55,273,216,1,2.60e-44,163
31d51a6a-c495-42f3-95d6-1d7170e50e6d,hsp4,100.000,12,0,0,131,142,107,96,0.057,22.9
18a30771-8c4c-4b4e-949e-c28c97978ee0,hsp4,88.816,152,4,9,131,270,32,182,5.99e-46,168
18a30771-8c4c-4b4e-949e-c28c97978ee0,hsp4,87.500,152,6,9,131,270,32,182,3.10e-43,159
d5eb119d-2f78-4d54-b970-e9fb97bf7208,kcns1,78.125,224,27,11,39,248,216,1,1.24e-41,154
d5eb119d-2f78-4d54-b970-e9fb97bf7208,kcns1,74.554,224,35,12,39,248,216,1,3.79e-29,113
40f37051-6033-44cd-a6c2-985a2cdfb0a1,hsp4,91.071,56,3,2,47,102,186,133,1.25e-16,71.6
40f37051-6033-44cd-a6c2-985a2cdfb0a1,hsp4,90.000,30,3,0,237,266,30,1,2.11e-07,41.0
40f37051-6033-44cd-a6c2-985a2cdfb0a1,hsp4,89.286,56,4,2,47,102,186,133,1.52e-15,68.0
b678508c-96b0-496e-9b38-9a423a0a51d5,kcns1,85.253,217,17,7,45,253,7,216,1.95e-64,230
b678508c-96b0-496e-9b38-9a423a0a51d5,kcns1,79.724,217,29,7,45,253,7,216,3.76e-48,176
b678508c-96b0-496e-9b38-9a423a0a51d5,gm7,88.889,18,2,0,82,99,120,137,0.015,24.7
b678508c-96b0-496e-9b38-9a423a0a51d5,hsp4,100.000,12,0,0,172,183,96,107,0.052,22.9
2dda320e-abcf-465c-a4cd-6ae6de2a2458,kcns1,77.876,226,35,10,54,274,216,1,1.65e-40,150
2dda320e-abcf-465c-a4cd-6ae6de2a2458,kcns1,71.239,226,50,9,54,274,216,1,1.65e-21,87.8
2dda320e-abcf-465c-a4cd-6ae6de2a2458,gm7,88.889,18,2,0,219,236,137,120,0.017,24.7
2f479744-b11a-40d6-9fc5-452db28ad373,kcns1,82.143,224,26,9,41,258,216,1,4.28e-54,196
2f479744-b11a-40d6-9fc5-452db28ad373,kcns1,76.889,225,36,10,41,258,216,1,8.27e-38,141
2f479744-b11a-40d6-9fc5-452db28ad373,gm7,88.889,18,2,0,204,221,137,120,0.016,24.7
e60698b9-c176-41ee-bf2a-bde342d3b3ec,kcns1,86.087,230,13,11,58,282,1,216,4.26e-67,239
e60698b9-c176-41ee-bf2a-bde342d3b3ec,kcns1,79.476,229,30,9,58,282,1,216,4.26e-48,176
e60698b9-c176-41ee-bf2a-bde342d3b3ec,gm7,93.333,15,1,0,98,112,123,137,0.059,22.9
e60698b9-c176-41ee-bf2a-bde342d3b3ec,prima1,92.857,14,1,0,88,101,62,75,0.21,21.1
e60698b9-c176-41ee-bf2a-bde342d3b3ec,prima1,92.857,14,1,0,88,101,62,75,0.21,21.1
6563b57d-a34d-48db-9a45-1fcbbab486e5,kcns1,79.545,220,34,7,44,256,216,1,4.79e-47,172
6563b57d-a34d-48db-9a45-1fcbbab486e5,kcns1,77.828,221,36,9,44,256,216,1,5.46e-40,149
dc57c8c0-6431-4e85-9947-8fa661e43fc3,kcns1,84.404,218,15,11,39,241,3,216,6.27e-58,208
dc57c8c0-6431-4e85-9947-8fa661e43fc3,kcns1,75.688,218,34,11,39,241,3,216,7.16e-32,122
dc57c8c0-6431-4e85-9947-8fa661e43fc3,hsp4,93.333,15,1,0,157,171,93,107,0.052,22.9
dc57c8c0-6431-4e85-9947-8fa661e43fc3,hsp4,93.333,15,1,0,93,107,128,142,0.052,22.9
6698ddb5-8d1e-4174-a75a-0e3aac98d975,hsp4,87.654,162,15,4,116,275,28,186,6.62e-52,188
6698ddb5-8d1e-4174-a75a-0e3aac98d975,hsp4,93.548,31,1,1,47,77,1,30,1.78e-08,44.6
6698ddb5-8d1e-4174-a75a-0e3aac98d975,hsp4,84.568,162,20,4,116,275,28,186,2.17e-45,167
c5acdc6f-1fbb-4b35-916b-4920da7fb063,kcns1,86.818,220,17,7,57,268,1,216,2.71e-69,246
c5acdc6f-1fbb-4b35-916b-4920da7fb063,kcns1,78.182,220,36,7,57,268,1,216,3.09e-43,159
fe74af93-2fb9-4f53-9e5f-25e993cae34d,hsp4,84.768,151,11,7,111,252,26,173,5.52e-40,149
fe74af93-2fb9-4f53-9e5f-25e993cae34d,hsp4,84.106,151,12,7,111,252,26,173,2.35e-38,143
1e2a66de-7e6c-46f2-8f00-da7ddfa25a48,kcns1,76.419,229,29,15,33,250,2,216,6.11e-33,125
1e2a66de-7e6c-46f2-8f00-da7ddfa25a48,kcns1,85.417,48,7,0,203,250,169,216,9.07e-12,55.4
1e2a66de-7e6c-46f2-8f00-da7ddfa25a48,kcns1,80.556,36,6,1,106,141,68,102,3.61e-04,30.1
834f8aff-f63f-4359-9a70-c7d0c3d61164,hsp4,86.207,174,10,8,104,266,9,179,2.81e-50,183
834f8aff-f63f-4359-9a70-c7d0c3d61164,hsp4,85.161,155,12,7,120,266,28,179,1.36e-41,154
4d32fd57-fda2-44e2-87dc-7a75709744b4,hsp4,90.000,120,10,2,62,180,152,34,3.37e-42,156
4d32fd57-fda2-44e2-87dc-7a75709744b4,hsp4,93.333,30,1,1,206,234,30,1,5.35e-08,42.8
4d32fd57-fda2-44e2-87dc-7a75709744b4,hsp4,88.333,120,12,2,62,180,152,34,1.75e-39,147
4d32fd57-fda2-44e2-87dc-7a75709744b4,hsp4,90.000,30,2,1,206,234,30,1,2.28e-06,37.4
82c169c4-6403-4439-8639-25b3cbef2af4,hsp4,91.925,161,3,9,120,272,28,186,1.03e-55,201
82c169c4-6403-4439-8639-25b3cbef2af4,hsp4,90.062,161,6,9,120,272,28,186,2.26e-51,187
dcd0e422-fdab-4e8f-ad06-617ed5e0b20e,hsp4,92.157,51,4,0,43,93,182,132,1.00e-17,75.2
dcd0e422-fdab-4e8f-ad06-617ed5e0b20e,hsp4,100.000,30,0,0,234,263,30,1,9.38e-12,55.4
dcd0e422-fdab-4e8f-ad06-617ed5e0b20e,hsp4,90.196,51,5,0,43,93,182,132,4.26e-16,69.8
dcd0e422-fdab-4e8f-ad06-617ed5e0b20e,hsp4,96.667,30,1,0,234,263,30,1,3.99e-10,50.0
6d672ea9-1e74-4edb-8947-730d15896c31,hsp4,88.679,159,10,7,126,276,28,186,9.46e-50,181
6d672ea9-1e74-4edb-8947-730d15896c31,hsp4,87.421,159,12,7,126,276,28,186,4.90e-47,172
01093ac1-37c2-4b83-9004-6a506d723b18,kcns1,85.577,208,11,8,60,258,19,216,1.05e-61,221
01093ac1-37c2-4b83-9004-6a506d723b18,kcns1,83.654,208,15,8,60,258,19,216,2.82e-56,203
01093ac1-37c2-4b83-9004-6a506d723b18,gm7,77.778,36,6,1,82,117,120,153,0.004,26.5
01093ac1-37c2-4b83-9004-6a506d723b18,hsp4,90.000,20,1,1,161,179,88,107,0.016,24.7
5364d050-fdf7-4099-929d-14764380024d,kcns1,79.279,222,24,11,60,269,1,212,2.61e-44,163
5364d050-fdf7-4099-929d-14764380024d,kcns1,75.785,223,30,12,60,269,1,212,1.88e-33,127
940f9a62-f3ac-49d8-8d98-49be66e63e1a,kcns1,91.667,24,2,0,237,260,193,216,8.18e-06,35.6
940f9a62-f3ac-49d8-8d98-49be66e63e1a,kcns1,91.667,24,2,0,237,260,193,216,8.18e-06,35.6
9edc0a07-6fb5-4ca9-8861-22136721fe40,kcns1,89.640,222,6,8,55,265,1,216,1.59e-78,277
9edc0a07-6fb5-4ca9-8861-22136721fe40,kcns1,83.333,222,20,8,55,265,1,216,1.59e-59,214
9edc0a07-6fb5-4ca9-8861-22136721fe40,gm7,88.889,18,2,0,90,107,120,137,0.016,24.7
9da4991e-5206-41ab-bb8f-539d3a6128c1,hsp4,75.556,180,19,10,107,281,27,186,2.20e-26,104
8f448833-5bb9-4c9b-8505-25e55e50a4fd,hsp4,87.578,161,9,8,144,295,28,186,1.52e-47,174
8f448833-5bb9-4c9b-8505-25e55e50a4fd,hsp4,83.851,161,15,8,144,295,28,186,2.12e-39,147
8c2892de-9bee-4d75-975d-d4163430ee78,prima1,88.462,130,8,5,80,204,132,5,1.30e-40,150
8c2892de-9bee-4d75-975d-d4163430ee78,prima1,86.923,130,10,5,80,204,132,5,6.72e-38,141
830eb98b-1467-4db3-8c93-3d50d400a1ee,kcns1,78.218,202,31,9,50,241,216,18,9.54e-37,138
830eb98b-1467-4db3-8c93-3d50d400a1ee,kcns1,71.500,200,48,8,50,241,216,18,2.74e-18,77.0
eb6d46a6-fe25-42b7-8e21-6648df1bc3f2,prima1,75.843,178,15,12,56,210,177,5,7.41e-25,98.7
eb6d46a6-fe25-42b7-8e21-6648df1bc3f2,prima1,75.281,178,16,12,56,210,177,5,9.03e-24,95.1
8b663f88-88b3-475d-a30a-a44b63cb222a,kcns1,80.093,216,25,8,60,263,4,213,3.94e-48,176
8b663f88-88b3-475d-a30a-a44b63cb222a,kcns1,76.279,215,35,8,60,263,4,213,3.46e-36,136
8b663f88-88b3-475d-a30a-a44b63cb222a,hsp4,100.000,11,0,0,222,232,64,74,0.19,21.1
62842d2d-13c9-42ef-9fb0-4db904feed72,hsp4,78.788,165,18,8,103,258,29,185,2.64e-31,120
62842d2d-13c9-42ef-9fb0-4db904feed72,hsp4,78.182,165,19,8,103,258,29,185,1.12e-29,114
e8dabccf-44cc-4be3-9680-92754dd85273,hsp4,80.435,138,8,8,112,230,46,183,4.15e-28,109
e8dabccf-44cc-4be3-9680-92754dd85273,hsp4,78.261,138,11,8,112,230,46,183,9.14e-24,95.1
9fb6d370-e87a-46ac-ab46-d2e5500c7c3c,hsp4,86.335,161,12,7,137,291,30,186,6.44e-46,168
9fb6d370-e87a-46ac-ab46-d2e5500c7c3c,hsp4,85.093,161,14,7,137,291,30,186,3.34e-43,159
34de14c6-8755-4b20-bcbb-299cfccdf9bb,hsp4,83.444,151,17,5,141,286,37,184,7.26e-39,145
34de14c6-8755-4b20-bcbb-299cfccdf9bb,hsp4,78.808,151,24,5,141,286,37,184,4.29e-29,113
8cc65c2b-0905-4610-a804-e3bf27704ae7,kcns1,90.826,218,14,4,49,264,3,216,7.26e-83,291
8cc65c2b-0905-4610-a804-e3bf27704ae7,kcns1,90.367,218,15,4,49,264,3,216,3.09e-81,286
8cc65c2b-0905-4610-a804-e3bf27704ae7,gm7,79.412,34,5,1,87,118,120,153,0.001,28.3
7285f13a-beea-42b9-ab3d-545325510fb3,kcns1,78.603,229,26,11,59,284,210,2,2.77e-44,163
7285f13a-beea-42b9-ab3d-545325510fb3,kcns1,73.362,229,38,9,59,284,210,2,1.03e-30,118
780784f9-9496-45ac-8acd-ec0ff2f2ba6d,kcns1,82.308,130,15,4,128,250,88,216,2.41e-31,120
780784f9-9496-45ac-8acd-ec0ff2f2ba6d,kcns1,71.707,205,40,8,56,250,20,216,4.08e-22,89.7
638d154e-651d-4c30-8948-b9d5f068fee5,kcns1,77.966,236,18,15,42,263,1,216,1.28e-41,154
638d154e-651d-4c30-8948-b9d5f068fee5,kcns1,75.148,169,24,11,101,263,60,216,6.64e-20,82.4
ad36284d-383f-482c-a2e1-07603e657aa7,hsp4,89.542,153,4,8,122,267,39,186,3.42e-49,179
ad36284d-383f-482c-a2e1-07603e657aa7,hsp4,86.275,153,9,8,122,267,39,186,3.90e-42,156
f2d353de-ab5c-4a62-8b73-09bf700ddbd2,hsp4,91.034,145,8,4,111,255,28,167,1.76e-52,190
f2d353de-ab5c-4a62-8b73-09bf700ddbd2,hsp4,85.517,145,16,3,111,255,28,167,1.04e-42,158
d5e8d9dd-31d8-48f9-9cc5-331cc42d1aeb,gm7,84.932,73,8,3,199,269,132,203,1.24e-16,71.6
d5e8d9dd-31d8-48f9-9cc5-331cc42d1aeb,gm7,97.436,39,0,1,232,269,165,203,6.43e-14,62.6
560facb4-55f8-46e1-b984-68805d50df59,kcns1,84.685,222,17,11,43,254,216,2,1.55e-59,214
560facb4-55f8-46e1-b984-68805d50df59,kcns1,77.376,221,35,9,43,254,216,2,1.89e-39,147
9f3d0e62-ed68-4fc5-830e-a2634c44852c,kcns1,77.632,228,33,8,53,276,216,3,9.12e-44,161
9f3d0e62-ed68-4fc5-830e-a2634c44852c,kcns1,72.807,228,44,8,53,276,216,3,4.14e-29,113
9f3d0e62-ed68-4fc5-830e-a2634c44852c,gm7,93.333,15,1,0,223,237,137,123,0.058,22.9
36e489c4-2fba-422d-9426-a91eb00517fa,kcns1,74.775,222,47,7,48,266,216,1,5.98e-33,125
36e489c4-2fba-422d-9426-a91eb00517fa,kcns1,69.058,223,58,8,48,266,216,1,4.91e-15,66.2
3c6f16a9-3d4c-47c7-8cfe-1a850355b5b4,gm7,84.689,209,13,11,54,252,6,205,9.44e-56,201
3c6f16a9-3d4c-47c7-8cfe-1a850355b5b4,gm7,80.841,214,22,11,49,252,1,205,5.58e-46,168
3c6f16a9-3d4c-47c7-8cfe-1a850355b5b4,kcns1,87.500,24,2,1,93,116,30,52,0.004,26.5
3c6f16a9-3d4c-47c7-8cfe-1a850355b5b4,kcns1,93.333,15,1,0,94,108,31,45,0.052,22.9
7e96e054-a4db-45cd-8157-9b7917114611,kcns1,92.000,225,7,5,55,277,1,216,2.32e-89,313
7e96e054-a4db-45cd-8157-9b7917114611,kcns1,84.000,225,25,5,55,277,1,216,6.24e-65,232
7e96e054-a4db-45cd-8157-9b7917114611,gm7,88.889,18,2,0,93,110,120,137,0.017,24.7
7e96e054-a4db-45cd-8157-9b7917114611,hsp4,93.333,15,1,0,188,202,93,107,0.059,22.9
feb2e06a-0cf3-40e2-8b0c-89e878d3653a,gm7,70.918,196,45,10,55,244,205,16,6.26e-14,62.6
feb2e06a-0cf3-40e2-8b0c-89e878d3653a,gm7,69.811,212,50,11,55,259,205,1,2.66e-12,57.2
d138874e-59fd-4c41-95dd-5b4477fc1c6d,gm7,72.350,217,43,10,64,275,1,205,1.29e-22,91.5
d138874e-59fd-4c41-95dd-5b4477fc1c6d,gm7,74.419,172,35,7,107,275,40,205,4.52e-22,89.7
929c9c24-31af-4573-b8ad-81658390644e,kcns1,86.000,200,14,7,56,243,198,1,4.12e-60,215
929c9c24-31af-4573-b8ad-81658390644e,kcns1,78.010,191,30,6,63,243,189,1,2.60e-37,140
e155bf25-12d1-4210-a6c3-cfad5043ffa2,kcns1,83.410,217,27,7,67,275,1,216,2.47e-57,206
e155bf25-12d1-4210-a6c3-cfad5043ffa2,kcns1,75.115,217,45,6,67,275,1,216,5.44e-34,129
e155bf25-12d1-4210-a6c3-cfad5043ffa2,hsp4,88.889,18,2,0,186,203,90,107,0.017,24.7
afda856f-2eb5-44c7-9717-f032381626b1,kcns1,86.730,211,17,6,41,248,1,203,1.34e-66,237
afda856f-2eb5-44c7-9717-f032381626b1,kcns1,79.147,211,33,7,41,248,1,203,8.48e-44,161
afda856f-2eb5-44c7-9717-f032381626b1,gm7,88.889,18,2,0,79,96,120,137,0.015,24.7
4af0d602-1112-476d-81a5-feac630f358e,kcns1,83.710,221,23,8,41,255,214,1,5.38e-59,212
4af0d602-1112-476d-81a5-feac630f358e,kcns1,79.545,220,34,6,41,255,214,1,1.11e-48,178
a184bb26-6ddd-4725-8a0b-ed8397da2f53,kcns1,87.500,224,16,7,39,258,1,216,1.46e-72,257
a184bb26-6ddd-4725-8a0b-ed8397da2f53,kcns1,82.143,224,28,7,39,258,1,216,2.83e-56,203
a184bb26-6ddd-4725-8a0b-ed8397da2f53,hsp4,76.364,55,6,5,190,241,44,94,0.016,24.7
a184bb26-6ddd-4725-8a0b-ed8397da2f53,gm7,93.333,15,1,0,80,94,123,137,0.055,22.9
a184bb26-6ddd-4725-8a0b-ed8397da2f53,prima1,92.857,14,1,0,70,83,62,75,0.19,21.1
a184bb26-6ddd-4725-8a0b-ed8397da2f53,prima1,92.857,14,1,0,70,83,62,75,0.19,21.1
bbfdd52c-5a5e-4c28-800b-6dccbb69414a,hsp4,86.792,159,8,9,110,260,26,179,2.53e-44,163
bbfdd52c-5a5e-4c28-800b-6dccbb69414a,hsp4,84.906,159,11,9,110,260,26,179,1.60e-40,150
9692fc56-3f1c-4461-aafc-f7eb2fee87f2,kcns1,88.889,216,20,3,53,265,2,216,6.84e-77,271
9692fc56-3f1c-4461-aafc-f7eb2fee87f2,kcns1,80.093,216,39,3,53,265,2,216,2.24e-51,187
9692fc56-3f1c-4461-aafc-f7eb2fee87f2,hsp4,100.000,12,0,0,179,190,96,107,0.056,22.9
